algorithm,scenario_name,num_cloudlets,seed,mapping_time_ms,peak_memory_mb
PSO-SA,Scenario_50,50,1007,335,113
I-COA,Scenario_50,50,1004,651,350
RoundRobin,Scenario_100,100,1003,0,0
PSO-SA,Scenario_50,50,1008,39,92
DBDE,Scenario_100,100,1018,432,161
RoundRobin,Scenario_100,100,1012,0,0
PSO-SA,Scenario_100,100,1002,337,94
RoundRobin,Scenario_100,100,1022,0,0
SJF,Scenario_100,100,1002,2,1
SJF,Scenario_100,100,1012,0,0
I-COA,Scenario_50,50,1005,118,283
FCFS,Scenario_100,100,1003,0,0
FCFS,Scenario_100,100,1023,0,0
PSO-SA,Scenario_50,50,1009,36,85
DGWO,Scenario_100,100,1000,531,221
RoundRobin,Scenario_100,100,1004,0,1
RoundRobin,Scenario_100,100,1013,0,0
PSO-SA,Scenario_100,100,1003,38,92
SJF,Scenario_100,100,1022,0,0
DBDE,Scenario_100,100,1019,161,398
SJF,Scenario_100,100,1013,0,0
PSO-SA,Scenario_50,50,1010,49,0
SJF,Scenario_100,100,1003,0,0
RoundRobin,Scenario_100,100,1014,0,0
RoundRobin,Scenario_100,100,1023,0,0
RoundRobin,Scenario_100,100,1005,0,0
FCFS,Scenario_100,100,1004,0,1
PSO-SA,Scenario_100,100,1004,28,147
FCFS,Scenario_100,100,1024,0,0
SJF,Scenario_100,100,1014,1,0
PSO-SA,Scenario_500,500,1026,393,230
RoundRobin,Scenario_100,100,1015,0,0
I-COA,Scenario_50,50,1006,210,0
SJF,Scenario_100,100,1023,0,0
DTSO-TS,Scenario_500,500,1016,689,495
PSO-SA,Scenario_50,50,1011,30,241
FCFS,Scenario_500,500,1007,0,0
SJF,Scenario_100,100,1004,0,0
RoundRobin,Scenario_100,100,1024,0,0
RoundRobin,Scenario_100,100,1016,0,0
PSO-SA,Scenario_100,100,1005,45,0
SJF,Scenario_100,100,1015,0,0
DBDE,Scenario_500,500,1022,995,859
RoundRobin,Scenario_100,100,1017,0,0
RoundRobin,Scenario_100,100,1006,0,0
PSO-SA,Scenario_50,50,1012,31,296
SJF,Scenario_100,100,1024,0,1
FCFS,Scenario_100,100,1005,0,0
DBDE,Scenario_100,100,1020,168,426
SJF,Scenario_100,100,1016,0,0
RoundRobin,Scenario_100,100,1025,0,0
PSO-SA,Scenario_100,100,1006,26,254
RoundRobin,Scenario_100,100,1018,0,1
DGWO,Scenario_100,100,1001,273,102
FCFS,Scenario_100,100,1025,0,0
I-COA,Scenario_50,50,1007,124,993
RoundRobin,Scenario_100,100,1007,0,0
SJF,Scenario_100,100,1005,0,0
PSO-SA,Scenario_50,50,1013,46,270
RoundRobin,Scenario_100,100,1019,0,1
SJF,Scenario_100,100,1017,0,0
DBDE,Scenario_500,500,1012,1161,696
SJF,Scenario_500,500,1026,13,0
FCFS,Scenario_100,100,1006,0,0
RoundRobin,Scenario_100,100,1026,0,0
SJF,Scenario_100,100,1025,0,1
RoundRobin,Scenario_100,100,1008,0,0
RoundRobin,Scenario_100,100,1020,0,1
FCFS,Scenario_100,100,1026,0,0
DBDE,Scenario_500,500,1003,1105,329
SJF,Scenario_1000,1000,1011,1,0
SJF,Scenario_100,100,1018,0,0
PSO-SA,Scenario_50,50,1014,30,247
SJF,Scenario_100,100,1006,0,0
RoundRobin,Scenario_100,100,1021,0,0
RoundRobin,Scenario_1000,1000,1011,1,0
RoundRobin,Scenario_100,100,1009,0,0
DCOA-TS,Scenario_1000,1000,1000,1278,965
PSO-SA,Scenario_100,100,1007,53,0
FCFS,Scenario_100,100,1007,0,0
FCFS,Scenario_500,500,1008,0,2
PSO-SA,Scenario_50,50,1015,15,133
FCFS,Scenario_100,100,1027,0,0
RoundRobin,Scenario_100,100,1027,0,0
I-COA,Scenario_50,50,1008,101,903
SJF,Scenario_100,100,1019,0,0
SJF,Scenario_100,100,1026,0,1
PSO-SA,Scenario_1000,1000,1001,809,430
RoundRobin,Scenario_100,100,1010,0,0
RoundRobin,Scenario_1000,1000,1021,1,1
PSO-SA,Scenario_100,100,1012,27,246
PSO-SA,Scenario_50,50,1016,15,169
DBDE,Scenario_100,100,1021,164,37
SJF,Scenario_100,100,1007,0,2
FCFS,Scenario_100,100,1008,1,0
RoundRobin,Scenario_100,100,1028,0,0
DWOA,Scenario_500,500,1003,1469,875
SJF,Scenario_100,100,1027,0,1
PSO-SA,Scenario_50,50,1017,45,0
FCFS,Scenario_100,100,1028,0,0
SJF,Scenario_100,100,1020,0,0
RoundRobin,Scenario_100,100,1011,0,0
PSO-SA,Scenario_500,500,1027,127,1016
FCFS,Scenario_100,100,1009,0,0
PSO-SA,Scenario_100,100,1008,74,0
PSO-SA,Scenario_50,50,1018,20,129
SJF,Scenario_100,100,1008,0,0
SJF,Scenario_100,100,1028,1,2
SJF,Scenario_100,100,1021,0,0
FCFS,Scenario_1000,1000,1022,1,0
RoundRobin,Scenario_100,100,1029,0,0
PSO-SA,Scenario_100,100,1013,79,0
DGWO,Scenario_100,100,1002,257,0
FCFS,Scenario_100,100,1029,0,0
SJF,Scenario_500,500,1027,0,2
FCFS,Scenario_1000,1000,1002,0,0
RoundRobin,Scenario_1000,1000,1001,1,0
DWOA,Scenario_500,500,1023,1450,546
DTSO-TS,Scenario_500,500,1017,264,926
SJF,Scenario_1000,1000,1001,9,5
I-COA,Scenario_50,50,1009,156,0
SJF,Scenario_100,100,1009,0,1
PSO-SA,Scenario_50,50,1019,26,187
FCFS,Scenario_500,500,1009,0,2
PSO-SA,Scenario_100,100,1009,45,300
RoundRobin,Scenario_100,100,1000,0,0
FCFS,Scenario_100,100,1010,0,0
SJF,Scenario_100,100,1029,0,0
PSO-SA,Scenario_50,50,1020,29,209
SJF,Scenario_100,100,1010,0,2
SJF,Scenario_100,100,1000,0,0
FCFS,Scenario_1000,1000,1012,1,0
DBDE,Scenario_100,100,1022,171,1129
RoundRobin,Scenario_100,100,1001,1,1
DWOA,Scenario_50,50,1015,107,750
PSO-SA,Scenario_50,50,1021,28,194
SJF,Scenario_1000,1000,1012,1,4
DTSO-TS,Scenario_1000,1000,1000,1507,1231
PSO-SA,Scenario_100,100,1014,65,450
PSO-SA,Scenario_100,100,1010,42,294
SJF,Scenario_100,100,1011,0,1
FCFS,Scenario_100,100,1011,0,0
RoundRobin,Scenario_100,100,1002,0,1
I-COA,Scenario_50,50,1010,156,1060
PSO-SA,Scenario_100,100,1000,46,313
PSO-SA,Scenario_50,50,1022,35,218
SJF,Scenario_100,100,1001,0,1
PSO-SA,Scenario_100,100,1011,43,348
FCFS,Scenario_100,100,1012,0,0
GO,Scenario_500,500,1014,1600,580
FCFS,Scenario_500,500,1010,1,0
RoundRobin,Scenario_1000,1000,1012,0,5
PSO-SA,Scenario_50,50,1023,16,240
FCFS,Scenario_100,100,1013,0,2
PSO-SA,Scenario_100,100,1015,57,464
DGWO,Scenario_500,500,1024,1652,856
FCFS,Scenario_2000,2000,1026,2,3
SJF,Scenario_500,500,1028,1,2
GO,Scenario_500,500,1024,1720,1397
PSO-SA,Scenario_100,100,1001,51,0
PSO-SA,Scenario_500,500,1028,144,993
RoundRobin,Scenario_1000,1000,1022,0,4
PSO-SA,Scenario_50,50,1024,24,364
FCFS,Scenario_100,100,1014,1,0
GO,Scenario_500,500,1004,1838,2120
DGWO,Scenario_100,100,1003,264,0
DWOA,Scenario_50,50,1016,166,0
PSO-SA,Scenario_50,50,1025,34,474
RoundRobin,Scenario_1000,1000,1002,0,3
SJF,Scenario_1000,1000,1002,1,3
FCFS,Scenario_100,100,1015,0,0
FCFS,Scenario_500,500,1011,0,0
PSO-SA,Scenario_100,100,1016,61,893
I-COA,Scenario_50,50,1024,99,1434
SJF,Scenario_1000,1000,1021,5,36
FCFS,Scenario_1000,1000,1023,1,3
FCFS,Scenario_1000,1000,1003,0,0
SJF,Scenario_1000,1000,1013,1,1
PSO-SA,Scenario_50,50,1026,31,455
FCFS,Scenario_100,100,1016,0,0
DTSO-TS,Scenario_500,500,1018,296,346
I-COA,Scenario_500,500,1022,1972,1431
I-COA,Scenario_50,50,1011,169,0
PSO-SA,Scenario_100,100,1017,47,685
SJF,Scenario_50,50,1027,0,0
DBDE,Scenario_100,100,1023,247,353
FCFS,Scenario_1000,1000,1013,5,28
I-COA,Scenario_500,500,1002,1995,982
SJF,Scenario_50,50,1028,0,0
SJF,Scenario_500,500,1029,0,6
SJF,Scenario_50,50,1029,0,0
FCFS,Scenario_100,100,1017,0,0
DWOA,Scenario_50,50,1017,141,0
PSO-SA,Scenario_100,100,1018,40,0
I-COA,Scenario_50,50,1025,113,0
PSO-SA,Scenario_1000,1000,1002,407,0
RoundRobin,Scenario_1000,1000,1023,0,3
PSO-SA,Scenario_50,50,1000,15,244
PSO-SA,Scenario_500,500,1029,124,1758
FCFS,Scenario_100,100,1018,0,0
FCFS,Scenario_500,500,1012,0,0
SJF,Scenario_1000,1000,1003,1,5
PSO-SA,Scenario_100,100,1019,28,347
RoundRobin,Scenario_1000,1000,1013,1,4
RoundRobin,Scenario_1000,1000,1003,1,5
FCFS,Scenario_100,100,1019,0,2
PSO-SA,Scenario_500,500,1016,244,0
PSO-SA,Scenario_50,50,1001,35,492
I-COA,Scenario_50,50,1012,155,0
FCFS,Scenario_1000,1000,1004,0,4
PSO-SA,Scenario_100,100,1020,27,403
FCFS,Scenario_100,100,1020,0,0
DWOA,Scenario_50,50,1018,88,1264
FCFS,Scenario_100,100,1021,0,0
PSO-SA,Scenario_50,50,1002,22,335
DBDE,Scenario_500,500,1023,865,554
FCFS,Scenario_500,500,1013,0,2
FCFS,Scenario_100,100,1022,0,0
PSO-SA,Scenario_100,100,1021,27,382
DBDE,Scenario_100,100,1024,144,2054
I-COA,Scenario_50,50,1026,100,1456
SJF,Scenario_1000,1000,1022,0,13
DGWO,Scenario_100,100,1004,289,1433
PSO-SA,Scenario_50,50,1003,40,0
FCFS,Scenario_1000,1000,1014,0,1
DTSO-TS,Scenario_500,500,1019,220,459
FCFS,Scenario_1000,1000,1024,0,3
PSO-SA,Scenario_50,50,1004,15,224
DWOA,Scenario_50,50,1019,97,0
RoundRobin,Scenario_1000,1000,1024,0,0
PSO-SA,Scenario_50,50,1005,14,191
I-COA,Scenario_50,50,1013,121,0
SJF,Scenario_1000,1000,1004,0,1
SJF,Scenario_1000,1000,1014,1,7
PSO-SA,Scenario_50,50,1006,15,211
RoundRobin,Scenario_1000,1000,1014,1,3
SJF,Scenario_50,50,1018,0,0
I-COA,Scenario_50,50,1027,113,0
RoundRobin,Scenario_1000,1000,1004,0,1
SJF,Scenario_50,50,1019,0,2
FCFS,Scenario_2000,2000,1027,1,5
PSO-SA,Scenario_500,500,1000,214,465
SJF,Scenario_50,50,1020,0,0
I-COA,Scenario_500,500,1012,2346,678
FCFS,Scenario_500,500,1014,0,1
SJF,Scenario_50,50,1021,0,0
DWOA,Scenario_50,50,1020,84,1165
SJF,Scenario_50,50,1022,0,0
SJF,Scenario_50,50,1023,0,0
SJF,Scenario_1000,1000,1023,0,4
SJF,Scenario_50,50,1024,0,1
PSO-SA,Scenario_500,500,1017,172,0
DBDE,Scenario_100,100,1025,171,0
SJF,Scenario_50,50,1025,0,0
RoundRobin,Scenario_500,500,1017,0,2
I-COA,Scenario_50,50,1014,101,0
SJF,Scenario_50,50,1026,0,0
FCFS,Scenario_1000,1000,1005,0,1
I-COA,Scenario_50,50,1028,125,0
DTSO-TS,Scenario_50,50,1017,29,307
RoundRobin,Scenario_1000,1000,1025,1,0
DTSO-TS,Scenario_500,500,1000,279,1383
DCOA-TS,Scenario_100,100,1011,255,0
DTSO-TS,Scenario_50,50,1018,30,304
FCFS,Scenario_500,500,1015,0,0
FCFS,Scenario_1000,1000,1025,0,2
DWOA,Scenario_50,50,1021,156,0
DTSO-TS,Scenario_50,50,1019,32,330
FCFS,Scenario_1000,1000,1015,1,3
DCOA-TS,Scenario_1000,1000,1001,931,1437
SJF,Scenario_1000,1000,1015,0,4
DTSO-TS,Scenario_1000,1000,1001,609,452
RoundRobin,Scenario_1000,1000,1005,0,4
DGWO,Scenario_100,100,1005,317,0
DTSO-TS,Scenario_50,50,1020,35,362
SJF,Scenario_1000,1000,1005,4,44
I-COA,Scenario_50,50,1015,140,1434
I-COA,Scenario_50,50,1029,139,1405
DTSO-TS,Scenario_50,50,1021,32,318
DBDE,Scenario_100,100,1026,200,0
PSO-SA,Scenario_500,500,1001,150,0
RoundRobin,Scenario_1000,1000,1015,0,7
FCFS,Scenario_500,500,1016,0,1
DWOA,Scenario_50,50,1022,110,1111
DTSO-TS,Scenario_50,50,1022,37,351
FCFS,Scenario_100,100,1000,0,0
PSO-SA,Scenario_1000,1000,1003,270,1219
RoundRobin,Scenario_500,500,1018,0,2
DBDE,Scenario_500,500,1004,1043,31
DTSO-TS,Scenario_50,50,1023,35,375
FCFS,Scenario_100,100,1001,0,0
DTSO-TS,Scenario_50,50,1024,21,339
FCFS,Scenario_100,100,1002,0,0
FCFS,Scenario_1000,1000,1006,0,3
RoundRobin,Scenario_1000,1000,1026,0,2
I-COA,Scenario_50,50,1016,136,1494
DBDE,Scenario_500,500,1013,1139,1000
DTSO-TS,Scenario_50,50,1025,20,279
DWOA,Scenario_50,50,1023,94,1206
DWOA,Scenario_500,500,1004,1076,2051
FCFS,Scenario_500,500,1017,0,0
DWOA,Scenario_500,500,1024,1066,2216
DTSO-TS,Scenario_50,50,1026,18,271
FCFS,Scenario_1000,1000,1026,0,2
DTSO-TS,Scenario_500,500,1020,354,1545
DCOA-TS,Scenario_100,100,1012,265,2991
SJF,Scenario_1000,1000,1006,0,4
DBDE,Scenario_100,100,1027,190,0
DGWO,Scenario_100,100,1006,242,0
RoundRobin,Scenario_1000,1000,1006,1,15
PSO-SA,Scenario_500,500,1018,296,457
DTSO-TS,Scenario_500,500,1001,282,3157
PSO-SA,Scenario_1000,1000,1020,562,0
FCFS,Scenario_1000,1000,1016,0,1
RoundRobin,Scenario_500,500,1019,4,34
PSO-SA,Scenario_500,500,1002,130,1633
DTSO-TS,Scenario_50,50,1027,72,0
GO,Scenario_50,50,1015,117,0
SJF,Scenario_1000,1000,1016,1,3
FCFS,Scenario_500,500,1018,0,0
I-COA,Scenario_50,50,1017,130,0
RoundRobin,Scenario_1000,1000,1016,1,0
FCFS,Scenario_2000,2000,1028,0,13
DTSO-TS,Scenario_50,50,1028,42,651
RoundRobin,Scenario_1000,1000,1027,0,6
SJF,Scenario_1000,1000,1024,1,3
DCOA-TS,Scenario_100,100,1013,103,1604
RoundRobin,Scenario_500,500,1020,0,0
DWOA,Scenario_50,50,1024,166,0
DTSO-TS,Scenario_50,50,1029,40,580
FCFS,Scenario_500,500,1019,0,0
GO,Scenario_50,50,1016,90,1386
SJF,Scenario_1000,1000,1007,0,6
FCFS,Scenario_1000,1000,1027,0,4
GO,Scenario_500,500,1015,1090,0
I-COA,Scenario_50,50,1018,100,1566
DBDE,Scenario_100,100,1009,141,2188
RoundRobin,Scenario_500,500,1021,0,0
FCFS,Scenario_1000,1000,1007,0,3
RoundRobin,Scenario_1000,1000,1007,0,14
FCFS,Scenario_1000,1000,1017,0,0
FCFS,Scenario_500,500,1020,0,0
DCOA-TS,Scenario_100,100,1014,96,1557
PSO-SA,Scenario_500,500,1003,126,1953
SJF,Scenario_1000,1000,1017,1,0
RoundRobin,Scenario_1000,1000,1017,0,4
GO,Scenario_50,50,1017,90,1458
DGWO,Scenario_500,500,1025,1100,2410
DGWO,Scenario_100,100,1007,192,3050
DCOA-TS,Scenario_50,50,1000,118,1865
RoundRobin,Scenario_1000,1000,1028,0,0
DTSO-TS,Scenario_500,500,1002,179,2828
DTSO-TS,Scenario_500,500,1021,189,2994
DWOA,Scenario_50,50,1005,163,0
GO,Scenario_500,500,1025,1142,3115
I-COA,Scenario_50,50,1019,127,0
RoundRobin,Scenario_500,500,1022,0,4
DBDE,Scenario_500,500,1024,810,1019
FCFS,Scenario_500,500,1021,0,4
DCOA-TS,Scenario_1000,1000,1010,1136,3015
DCOA-TS,Scenario_50,50,1001,53,836
GO,Scenario_50,50,1018,107,0
DBDE,Scenario_100,100,1010,167,0
SJF,Scenario_1000,1000,1008,0,6
I-COA,Scenario_500,500,1023,1139,0
SJF,Scenario_1000,1000,1025,0,2
PSO-SA,Scenario_1000,1000,1004,285,0
DTSO-TS,Scenario_1000,1000,1002,484,2322
DWOA,Scenario_50,50,1006,83,1244
DCOA-TS,Scenario_50,50,1002,51,745
RoundRobin,Scenario_500,500,1023,0,3
FCFS,Scenario_1000,1000,1008,0,2
FCFS,Scenario_1000,1000,1028,0,5
FCFS,Scenario_500,500,1022,0,0
I-COA,Scenario_50,50,1020,101,1494
FCFS,Scenario_1000,1000,1018,0,11
RoundRobin,Scenario_1000,1000,1008,0,0
SJF,Scenario_1000,1000,1018,1,11
PSO-SA,Scenario_500,500,1019,248,0
DCOA-TS,Scenario_100,100,1015,192,0
DCOA-TS,Scenario_50,50,1003,51,761
GO,Scenario_500,500,1005,1311,1277
GO,Scenario_50,50,1019,90,1377
RoundRobin,Scenario_500,500,1024,0,1
DWOA,Scenario_50,50,1007,83,1273
FCFS,Scenario_500,500,1023,0,0
DCOA-TS,Scenario_50,50,1004,50,783
RoundRobin,Scenario_1000,1000,1018,0,1
I-COA,Scenario_500,500,1003,1194,2367
DBDE,Scenario_100,100,1011,142,2194
SJF,Scenario_1000,1000,1009,0,7
DTSO-TS,Scenario_500,500,1003,179,2735
SJF,Scenario_1000,1000,1026,1,9
I-COA,Scenario_50,50,1021,102,1571
DCOA-TS,Scenario_100,100,1016,95,1448
GO,Scenario_50,50,1020,91,1350
DGWO,Scenario_100,100,1008,293,83
DCOA-TS,Scenario_50,50,1005,49,0
DTSO-TS,Scenario_500,500,1022,190,2905
DWOA,Scenario_50,50,1008,98,0
FCFS,Scenario_1000,1000,1019,0,2
PSO-SA,Scenario_500,500,1004,249,0
FCFS,Scenario_1000,1000,1009,0,1
RoundRobin,Scenario_1000,1000,1029,1,7
RoundRobin,Scenario_500,500,1025,0,0
FCFS,Scenario_500,500,1024,0,0
SJF,Scenario_1000,1000,1019,1,4
DCOA-TS,Scenario_50,50,1006,49,766
DCOA-TS,Scenario_1000,1000,1020,1518,1823
DTSO-TS,Scenario_50,50,1007,19,295
DCOA-TS,Scenario_100,100,1017,103,0
RoundRobin,Scenario_1000,1000,1009,1,0
GO,Scenario_50,50,1021,90,1438
I-COA,Scenario_50,50,1022,125,0
DTSO-TS,Scenario_50,50,1008,18,310
DWOA,Scenario_50,50,1009,83,1339
SJF,Scenario_1000,1000,1010,0,8
SJF,Scenario_1000,1000,1027,1,14
DTSO-TS,Scenario_50,50,1009,19,328
RoundRobin,Scenario_500,500,1026,0,2
PSO-SA,Scenario_500,500,1020,200,0
I-COA,Scenario_500,500,1013,1125,0
DTSO-TS,Scenario_50,50,1010,19,323
RoundRobin,Scenario_1000,1000,1019,0,4
FCFS,Scenario_2000,2000,1029,1,3
DTSO-TS,Scenario_50,50,1011,19,308
DCOA-TS,Scenario_100,100,1018,88,1449
DTSO-TS,Scenario_50,50,1012,19,309
FCFS,Scenario_1000,1000,1020,0,4
FCFS,Scenario_1000,1000,1029,0,7
DWOA,Scenario_50,50,1010,84,1387
GO,Scenario_50,50,1022,93,1530
I-COA,Scenario_50,50,1023,101,1656
RoundRobin,Scenario_500,500,1027,0,0
DGWO,Scenario_100,100,1009,191,3102
PSO-SA,Scenario_500,500,1005,125,2065
DTSO-TS,Scenario_50,50,1013,18,314
FCFS,Scenario_1000,1000,1010,0,1
FCFS,Scenario_500,500,1025,0,2
SJF,Scenario_1000,1000,1020,1,2
DTSO-TS,Scenario_50,50,1014,19,249
DTSO-TS,Scenario_500,500,1004,232,0
PSO-SA,Scenario_1000,1000,1005,287,0
DTSO-TS,Scenario_50,50,1015,18,268
DBDE,Scenario_100,100,1012,296,226
PSO-SA,Scenario_1000,1000,1021,476,2961
DTSO-TS,Scenario_500,500,1023,192,3144
SJF,Scenario_1000,1000,1028,0,7
DCOA-TS,Scenario_100,100,1019,111,0
DTSO-TS,Scenario_50,50,1016,43,0
DWOA,Scenario_50,50,1011,107,0
GO,Scenario_50,50,1023,115,0
GO,Scenario_100,100,1010,203,0
RoundRobin,Scenario_1000,1000,1010,0,6
PSO-SA,Scenario_50,50,1027,18,198
RoundRobin,Scenario_500,500,1028,1,0
RoundRobin,Scenario_1000,1000,1020,0,3
DBDE,Scenario_50,50,1024,120,0
PSO-SA,Scenario_50,50,1028,16,176
DBDE,Scenario_500,500,1005,908,850
PSO-SA,Scenario_500,500,1021,126,1929
PSO-SA,Scenario_50,50,1029,18,187
DTSO-TS,Scenario_1000,1000,1003,421,2152
SJF,Scenario_1000,1000,1000,1,1
DTSO-TS,Scenario_50,50,1000,23,236
DCOA-TS,Scenario_100,100,1020,97,1051
DWOA,Scenario_50,50,1012,92,997
DBDE,Scenario_50,50,1025,80,843
RoundRobin,Scenario_500,500,1029,0,0
GO,Scenario_50,50,1024,98,1080
DWOA,Scenario_500,500,1005,896,0
DGWO,Scenario_100,100,1010,218,0
FCFS,Scenario_1000,1000,1011,1,4
DTSO-TS,Scenario_50,50,1001,26,322
FCFS,Scenario_500,500,1026,0,1
DBDE,Scenario_500,500,1014,1037,0
DTSO-TS,Scenario_50,50,1002,24,277
DTSO-TS,Scenario_50,50,1003,17,198
SJF,Scenario_500,500,1000,0,0
DTSO-TS,Scenario_500,500,1005,220,0
DWOA,Scenario_50,50,1013,82,976
DBDE,Scenario_50,50,1026,74,875
DCOA-TS,Scenario_100,100,1001,86,1024
FCFS,Scenario_1000,1000,1021,0,1
DTSO-TS,Scenario_50,50,1004,18,229
DBDE,Scenario_100,100,1013,244,0
GO,Scenario_100,100,1011,180,2064
DTSO-TS,Scenario_500,500,1024,189,2121
DTSO-TS,Scenario_50,50,1005,18,265
DWOA,Scenario_500,500,1025,1091,0
RoundRobin,Scenario_1000,1000,1000,0,3
DTSO-TS,Scenario_50,50,1006,18,236
PSO-SA,Scenario_500,500,1022,126,1438
SJF,Scenario_1000,1000,1029,0,6
RoundRobin,Scenario_50,50,1018,0,0
SJF,Scenario_500,500,1001,0,0
RoundRobin,Scenario_50,50,1019,1,0
GO,Scenario_50,50,1025,133,1687
RoundRobin,Scenario_50,50,1020,0,0
PSO-SA,Scenario_500,500,1006,243,0
RoundRobin,Scenario_50,50,1021,0,1
DBDE,Scenario_50,50,1027,73,1012
DWOA,Scenario_50,50,1014,83,1145
RoundRobin,Scenario_50,50,1022,0,4
RoundRobin,Scenario_50,50,1023,0,0
RoundRobin,Scenario_50,50,1024,0,1
DCOA-TS,Scenario_100,100,1002,87,1218
RoundRobin,Scenario_50,50,1025,0,0
RoundRobin,Scenario_50,50,1026,0,0
DCOA-TS,Scenario_1000,1000,1002,1324,1128
DBDE,Scenario_500,500,1025,810,2640
RoundRobin,Scenario_50,50,1027,0,0
SJF,Scenario_500,500,1002,0,0
RoundRobin,Scenario_50,50,1009,0,0
DGWO,Scenario_100,100,1011,191,2467
RoundRobin,Scenario_50,50,1010,0,2
RoundRobin,Scenario_50,50,1011,0,0
RoundRobin,Scenario_50,50,1012,1,2
I-COA,Scenario_100,100,1027,204,2597
RoundRobin,Scenario_2000,2000,1000,1,7
PSO-SA,Scenario_1000,1000,1006,271,0
DBDE,Scenario_50,50,1028,73,897
DBDE,Scenario_50,50,1005,72,883
RoundRobin,Scenario_50,50,1013,0,0
DBDE,Scenario_100,100,1014,142,1833
PSO-SA,Scenario_1000,1000,1022,255,3001
RoundRobin,Scenario_50,50,1014,0,0
RoundRobin,Scenario_50,50,1015,0,0
RoundRobin,Scenario_50,50,1016,0,1
RoundRobin,Scenario_50,50,1017,0,1
SJF,Scenario_500,500,1003,1,7
SJF,Scenario_50,50,1008,0,0
GO,Scenario_50,50,1026,181,0
SJF,Scenario_50,50,1009,0,0
SJF,Scenario_50,50,1010,0,0
DCOA-TS,Scenario_500,500,1015,439,998
PSO-SA,Scenario_500,500,1023,125,1519
DBDE,Scenario_50,50,1029,111,0
GO,Scenario_100,100,1012,222,0
SJF,Scenario_50,50,1011,0,0
DCOA-TS,Scenario_100,100,1003,160,0
DTSO-TS,Scenario_500,500,1025,206,0
SJF,Scenario_50,50,1012,0,3
DCOA-TS,Scenario_1000,1000,1011,908,3811
SJF,Scenario_50,50,1013,0,0
DBDE,Scenario_50,50,1006,136,0
SJF,Scenario_50,50,1014,0,0
SJF,Scenario_500,500,1004,1,2
GO,Scenario_500,500,1026,958,4462
SJF,Scenario_50,50,1015,0,0
SJF,Scenario_50,50,1016,0,0
SJF,Scenario_50,50,1017,0,0
DCOA-TS,Scenario_500,500,1005,426,0
RoundRobin,Scenario_50,50,1028,0,0
RoundRobin,Scenario_50,50,1029,0,0
GO,Scenario_50,50,1027,92,1012
SJF,Scenario_50,50,1000,0,0
DBDE,Scenario_100,100,1015,179,0
DTSO-TS,Scenario_1000,1000,1004,383,0
SJF,Scenario_50,50,1001,0,0
DCOA-TS,Scenario_100,100,1004,85,915
SJF,Scenario_50,50,1002,0,0
PSO-SA,Scenario_500,500,1007,238,0
SJF,Scenario_500,500,1005,0,4
I-COA,Scenario_50,50,1000,100,1097
SJF,Scenario_50,50,1003,0,0
DBDE,Scenario_50,50,1007,75,842
I-COA,Scenario_100,100,1028,216,0
DTSO-TS,Scenario_500,500,1026,401,0
SJF,Scenario_50,50,1004,0,0
SJF,Scenario_50,50,1005,0,0
I-COA,Scenario_500,500,1024,1055,0
SJF,Scenario_50,50,1006,0,0
DTSO-TS,Scenario_1000,1000,1010,396,0
SJF,Scenario_50,50,1007,0,0
FCFS,Scenario_50,50,1019,0,0
FCFS,Scenario_50,50,1020,0,1
SJF,Scenario_500,500,1006,0,1
GO,Scenario_50,50,1028,91,1087
FCFS,Scenario_50,50,1021,0,0
PSO-SA,Scenario_500,500,1024,124,1384
DBDE,Scenario_50,50,1008,73,895
FCFS,Scenario_50,50,1022,0,0
DCOA-TS,Scenario_100,100,1005,86,1038
DCOA-TS,Scenario_1000,1000,1021,810,614
FCFS,Scenario_50,50,1023,0,0
FCFS,Scenario_50,50,1024,0,0
I-COA,Scenario_50,50,1001,100,1235
FCFS,Scenario_50,50,1025,0,0
DGWO,Scenario_100,100,1012,350,0
FCFS,Scenario_50,50,1026,0,0
DTSO-TS,Scenario_500,500,1006,177,2050
DBDE,Scenario_100,100,1016,141,1737
FCFS,Scenario_50,50,1027,0,0
RoundRobin,Scenario_500,500,1007,0,2
FCFS,Scenario_50,50,1028,0,0
FCFS,Scenario_50,50,1029,0,0
DBDE,Scenario_50,50,1009,74,973
RoundRobin,Scenario_50,50,1000,0,0
GO,Scenario_50,50,1029,91,1190
PSO-SA,Scenario_1000,1000,1000,347,0
RoundRobin,Scenario_50,50,1001,0,0
RoundRobin,Scenario_2000,2000,1001,1,7
DCOA-TS,Scenario_100,100,1006,88,1176
RoundRobin,Scenario_50,50,1002,0,0
DGWO,Scenario_500,500,1026,1320,0
RoundRobin,Scenario_50,50,1003,0,0
PSO-SA,Scenario_500,500,1008,127,1580
RoundRobin,Scenario_50,50,1004,0,0
PSO-SA,Scenario_1000,1000,1007,279,0
PSO-SA,Scenario_1000,1000,1023,280,0
RoundRobin,Scenario_50,50,1005,0,0
RoundRobin,Scenario_50,50,1006,0,0
I-COA,Scenario_50,50,1002,101,1349
RoundRobin,Scenario_500,500,1008,0,1
RoundRobin,Scenario_50,50,1007,0,0
RoundRobin,Scenario_50,50,1008,0,0
FCFS,Scenario_50,50,1009,0,0
DBDE,Scenario_50,50,1010,74,899
FCFS,Scenario_50,50,1010,0,0
FCFS,Scenario_50,50,1011,0,1
DWOA,Scenario_50,50,1000,83,981
I-COA,Scenario_100,100,1029,225,2811
GO,Scenario_500,500,1006,1153,1033
FCFS,Scenario_50,50,1012,0,0
DCOA-TS,Scenario_100,100,1007,126,0
GO,Scenario_100,100,1013,366,4409
FCFS,Scenario_50,50,1013,0,0
FCFS,Scenario_50,50,1014,0,0
DBDE,Scenario_500,500,1006,751,3723
FCFS,Scenario_50,50,1015,0,0
RoundRobin,Scenario_500,500,1009,0,0
FCFS,Scenario_50,50,1016,0,0
PSO-SA,Scenario_500,500,1025,150,1934
FCFS,Scenario_50,50,1017,0,0
DCOA-TS,Scenario_500,500,1016,434,0
DBDE,Scenario_50,50,1011,117,0
I-COA,Scenario_50,50,1003,148,0
FCFS,Scenario_50,50,1018,0,0
DBDE,Scenario_100,100,1017,200,0
FCFS,Scenario_50,50,1000,0,0
DWOA,Scenario_50,50,1001,121,0
DGWO,Scenario_100,100,1013,253,0
FCFS,Scenario_50,50,1001,0,0
I-COA,Scenario_500,500,1014,1085,0
RoundRobin,Scenario_500,500,1010,0,0
DCOA-TS,Scenario_100,100,1008,87,1032
DTSO-TS,Scenario_500,500,1007,234,0
FCFS,Scenario_50,50,1002,0,0
PSO-SA,Scenario_500,500,1009,167,0
DWOA,Scenario_500,500,1013,923,425
DBDE,Scenario_50,50,1012,74,892
DBDE,Scenario_50,50,1015,74,887
FCFS,Scenario_50,50,1003,0,0
DTSO-TS,Scenario_1000,1000,1005,390,0
FCFS,Scenario_500,500,1000,1,1
FCFS,Scenario_50,50,1004,0,0
RoundRobin,Scenario_500,500,1011,0,0
FCFS,Scenario_50,50,1005,0,0
DCOA-TS,Scenario_100,100,1009,86,867
GO,Scenario_100,100,1014,179,1968
FCFS,Scenario_50,50,1006,0,0
DBDE,Scenario_50,50,1013,74,748
DBDE,Scenario_50,50,1016,74,761
DTSO-TS,Scenario_500,500,1027,427,0
FCFS,Scenario_50,50,1007,0,0
DWOA,Scenario_50,50,1002,151,1666
RoundRobin,Scenario_500,500,1012,0,0
FCFS,Scenario_50,50,1008,0,0
RoundRobin,Scenario_2000,2000,1002,0,0
DCOA-TS,Scenario_500,500,1006,578,1606
DBDE,Scenario_500,500,1026,775,0
DGWO,Scenario_100,100,1014,193,2275
DCOA-TS,Scenario_100,100,1010,87,1173
DWOA,Scenario_500,500,1006,987,1166
DBDE,Scenario_50,50,1017,73,1040
DBDE,Scenario_50,50,1014,75,1069
DTSO-TS,Scenario_1000,1000,1011,475,382
PSO-SA,Scenario_500,500,1010,126,1421
RoundRobin,Scenario_500,500,1013,0,0
PSO-SA,Scenario_1000,1000,1008,290,0
DTSO-TS,Scenario_500,500,1008,180,2130
FCFS,Scenario_500,500,1001,0,0
DWOA,Scenario_500,500,1026,922,438
DCOA-TS,Scenario_1000,1000,1003,786,0
DWOA,Scenario_50,50,1003,104,1406
I-COA,Scenario_500,500,1004,1488,0
DCOA-TS,Scenario_50,50,1026,98,1288
PSO-SA,Scenario_1000,1000,1024,324,0
DBDE,Scenario_50,50,1018,74,833
DWOA,Scenario_50,50,1025,84,930
RoundRobin,Scenario_500,500,1014,0,0
GO,Scenario_100,100,1015,179,2253
DCOA-TS,Scenario_50,50,1027,115,0
DWOA,Scenario_50,50,1004,139,0
RoundRobin,Scenario_500,500,1015,0,0
I-COA,Scenario_100,100,1008,430,0
DWOA,Scenario_50,50,1026,134,0
DCOA-TS,Scenario_50,50,1028,48,528
DGWO,Scenario_100,100,1015,235,0
DBDE,Scenario_50,50,1019,147,0
DCOA-TS,Scenario_500,500,1017,436,0
FCFS,Scenario_500,500,1002,0,0
PSO-SA,Scenario_500,500,1011,168,0
DBDE,Scenario_500,500,1015,1232,0
DCOA-TS,Scenario_50,50,1029,50,586
GO,Scenario_50,50,1005,91,1080
GO,Scenario_500,500,1016,2079,0
RoundRobin,Scenario_500,500,1016,0,0
DTSO-TS,Scenario_500,500,1009,234,0
DBDE,Scenario_50,50,1020,75,850
DWOA,Scenario_50,50,1027,83,967
GO,Scenario_100,100,1016,220,0
DTSO-TS,Scenario_1000,1000,1006,393,0
DCOA-TS,Scenario_1000,1000,1012,883,0
DCOA-TS,Scenario_1000,1000,1022,796,0
FCFS,Scenario_500,500,1027,0,0
GO,Scenario_50,50,1006,91,1003
DBDE,Scenario_50,50,1021,75,835
DWOA,Scenario_50,50,1028,83,950
FCFS,Scenario_500,500,1003,0,0
DGWO,Scenario_100,100,1016,192,2224
PSO-SA,Scenario_500,500,1012,124,1402
DTSO-TS,Scenario_500,500,1028,426,0
FCFS,Scenario_500,500,1028,0,0
PSO-SA,Scenario_1000,1000,1009,293,0
RoundRobin,Scenario_5000,5000,1000,2,19
DBDE,Scenario_50,50,1022,75,936
I-COA,Scenario_500,500,1025,1005,1358
GO,Scenario_50,50,1007,91,1153
PSO-SA,Scenario_1000,1000,1025,292,0
DWOA,Scenario_50,50,1029,82,1034
DTSO-TS,Scenario_1000,1000,1012,407,0
GO,Scenario_100,100,1017,178,2127
FCFS,Scenario_500,500,1029,0,0
DBDE,Scenario_500,500,1007,735,3308
DTSO-TS,Scenario_500,500,1010,176,2121
RoundRobin,Scenario_2000,2000,1003,0,3
DBDE,Scenario_50,50,1023,75,818
GO,Scenario_500,500,1027,1190,3539
DBDE,Scenario_50,50,1000,74,765
FCFS,Scenario_500,500,1004,0,1
DGWO,Scenario_2000,2000,1022,5231,2887
GO,Scenario_50,50,1008,164,0
PSO-SA,Scenario_500,500,1013,125,1424
I-COA,Scenario_100,100,1009,451,0
DGWO,Scenario_100,100,1017,270,0
DCOA-TS,Scenario_500,500,1018,438,0
RoundRobin,Scenario_500,500,1000,0,0
DBDE,Scenario_50,50,1001,95,772
FCFS,Scenario_500,500,1005,1,0
GO,Scenario_50,50,1009,95,787
GO,Scenario_100,100,1018,254,0
DTSO-TS,Scenario_500,500,1029,319,0
DGWO,Scenario_50,50,1026,265,0
DBDE,Scenario_50,50,1002,79,760
DCOA-TS,Scenario_500,500,1007,815,0
DTSO-TS,Scenario_500,500,1011,256,0
FCFS,Scenario_500,500,1006,0,0
GO,Scenario_50,50,1010,95,1015
DGWO,Scenario_500,500,1027,1228,0
DBDE,Scenario_500,500,1027,830,0
DTSO-TS,Scenario_1000,1000,1007,431,0
PSO-SA,Scenario_500,500,1014,129,1165
I-COA,Scenario_500,500,1015,1042,731
RoundRobin,Scenario_500,500,1001,0,0
DBDE,Scenario_50,50,1003,75,979
GO,Scenario_500,500,1007,1119,1590
PSO-SA,Scenario_1000,1000,1010,323,0
DGWO,Scenario_100,100,1018,198,2146
DGWO,Scenario_50,50,1027,98,1231
PSO-SA,Scenario_1000,1000,1026,323,0
GO,Scenario_50,50,1011,91,1074
RoundRobin,Scenario_500,500,1002,0,0
GO,Scenario_100,100,1019,181,2115
DBDE,Scenario_50,50,1004,74,812
RoundRobin,Scenario_2000,2000,1004,0,0
DWOA,Scenario_500,500,1014,1109,1591
DWOA,Scenario_500,500,1007,956,0
DWOA,Scenario_500,500,1027,946,0
DGWO,Scenario_50,50,1028,98,1066
RoundRobin,Scenario_500,500,1003,0,0
GO,Scenario_50,50,1012,91,1017
I-COA,Scenario_100,100,1018,187,2155
DTSO-TS,Scenario_500,500,1012,175,2075
DTSO-TS,Scenario_1000,1000,1013,466,0
PSO-SA,Scenario_500,500,1015,125,1370
DGWO,Scenario_50,50,1016,98,1032
RoundRobin,Scenario_500,500,1004,0,2
I-COA,Scenario_100,100,1010,385,4113
DGWO,Scenario_100,100,1019,191,2052
DGWO,Scenario_50,50,1029,97,1038
DCOA-TS,Scenario_500,500,1019,378,4066
SJF,Scenario_500,500,1016,0,10
GO,Scenario_50,50,1013,92,978
GO,Scenario_100,100,1020,179,1995
I-COA,Scenario_500,500,1005,1063,802
RoundRobin,Scenario_500,500,1005,0,0
DBDE,Scenario_500,500,1016,842,3620
DGWO,Scenario_50,50,1017,98,1155
SJF,Scenario_500,500,1017,0,1
DCOA-TS,Scenario_1000,1000,1023,794,3136
DCOA-TS,Scenario_500,500,1000,375,4310
GO,Scenario_50,50,1014,124,0
DCOA-TS,Scenario_500,500,1008,406,0
GO,Scenario_50,50,1000,141,0
RoundRobin,Scenario_500,500,1006,0,0
I-COA,Scenario_100,100,1019,229,0
SJF,Scenario_500,500,1018,0,0
DCOA-TS,Scenario_50,50,1016,48,573
DTSO-TS,Scenario_1000,1000,1008,376,0
RoundRobin,Scenario_2000,2000,1005,0,3
DGWO,Scenario_50,50,1018,113,1348
DCOA-TS,Scenario_1000,1000,1004,1242,0
DCOA-TS,Scenario_500,500,1025,402,0
PSO-SA,Scenario_1000,1000,1027,282,0
SJF,Scenario_500,500,1019,1,4
GO,Scenario_50,50,1001,91,1111
DGWO,Scenario_50,50,1006,97,1183
DTSO-TS,Scenario_500,500,1013,245,0
GO,Scenario_100,100,1021,211,0
DCOA-TS,Scenario_50,50,1017,48,602
DBDE,Scenario_500,500,1008,815,0
GO,Scenario_500,500,1017,1095,487
DCOA-TS,Scenario_1000,1000,1013,1012,0
SJF,Scenario_500,500,1020,0,2
DCOA-TS,Scenario_50,50,1018,48,502
DGWO,Scenario_50,50,1019,98,1077
GO,Scenario_50,50,1002,91,981
DGWO,Scenario_50,50,1007,98,1035
I-COA,Scenario_100,100,1020,187,2122
DCOA-TS,Scenario_50,50,1019,49,480
DCOA-TS,Scenario_50,50,1020,49,502
DGWO,Scenario_50,50,1020,99,1020
DTSO-TS,Scenario_1000,1000,1014,407,0
I-COA,Scenario_100,100,1011,425,0
I-COA,Scenario_500,500,1026,1040,0
SJF,Scenario_500,500,1021,0,5
GO,Scenario_50,50,1003,92,952
DCOA-TS,Scenario_500,500,1020,397,0
GO,Scenario_100,100,1022,177,1852
DGWO,Scenario_50,50,1008,99,1062
DCOA-TS,Scenario_50,50,1021,48,535
GO,Scenario_500,500,1028,941,5858
DCOA-TS,Scenario_50,50,1022,48,498
DGWO,Scenario_50,50,1021,100,1031
GO,Scenario_50,50,1004,91,956
DBDE,Scenario_500,500,1028,742,2059
I-COA,Scenario_100,100,1021,187,1986
DGWO,Scenario_50,50,1009,98,1062
DCOA-TS,Scenario_500,500,1009,374,4101
DCOA-TS,Scenario_50,50,1023,48,562
FCFS,Scenario_2000,2000,1016,1,3
SJF,Scenario_500,500,1022,0,0
PSO-SA,Scenario_1000,1000,1028,249,2611
DCOA-TS,Scenario_50,50,1024,48,493
GO,Scenario_100,100,1023,178,1889
DTSO-TS,Scenario_1000,1000,1009,343,3720
DGWO,Scenario_50,50,1022,139,0
DCOA-TS,Scenario_500,500,1026,372,3961
RoundRobin,Scenario_5000,5000,1001,1,5
DGWO,Scenario_50,50,1010,134,0
SJF,Scenario_500,500,1023,0,0
DTSO-TS,Scenario_500,500,1014,344,3622
SJF,Scenario_500,500,1024,0,0
DCOA-TS,Scenario_50,50,1025,113,1028
DGWO,Scenario_50,50,1023,100,909
I-COA,Scenario_500,500,1016,982,0
DGWO,Scenario_50,50,1011,98,904
DWOA,Scenario_500,500,1008,881,0
I-COA,Scenario_100,100,1022,245,0
SJF,Scenario_500,500,1025,0,0
DCOA-TS,Scenario_500,500,1001,640,661
GO,Scenario_100,100,1024,177,1687
DBDE,Scenario_500,500,1017,765,0
DCOA-TS,Scenario_500,500,1021,403,0
I-COA,Scenario_100,100,1012,414,0
DCOA-TS,Scenario_50,50,1007,94,996
DGWO,Scenario_50,50,1024,99,1041
DGWO,Scenario_50,50,1012,99,1071
SJF,Scenario_500,500,1007,0,0
DTSO-TS,Scenario_1000,1000,1015,393,0
DWOA,Scenario_500,500,1015,1010,0
DCOA-TS,Scenario_1000,1000,1024,744,1767
DTSO-TS,Scenario_500,500,1015,184,1866
SJF,Scenario_500,500,1008,0,2
DGWO,Scenario_50,50,1025,99,1044
DCOA-TS,Scenario_50,50,1008,106,1139
I-COA,Scenario_100,100,1023,187,2017
DGWO,Scenario_50,50,1013,98,1058
PSO-SA,Scenario_1000,1000,1011,294,0
DQN,Scenario_50,50,1026,7140,4582
GO,Scenario_100,100,1025,179,1989
PSO-SA,Scenario_1000,1000,1029,286,0
DCOA-TS,Scenario_1000,1000,1005,744,1604
DBDE,Scenario_500,500,1009,725,1357
SJF,Scenario_500,500,1009,0,3
I-COA,Scenario_500,500,1006,984,0
DCOA-TS,Scenario_500,500,1027,368,3838
DCOA-TS,Scenario_50,50,1009,98,1127
DTSO-TS,Scenario_1000,1000,1020,342,3511
DGWO,Scenario_50,50,1014,98,1081
SJF,Scenario_500,500,1010,0,0
DWOA,Scenario_500,500,1028,1164,266
FCFS,Scenario_2000,2000,1017,0,0
SJF,Scenario_500,500,1011,0,1
DCOA-TS,Scenario_1000,1000,1014,811,2306
I-COA,Scenario_100,100,1024,186,1917
DCOA-TS,Scenario_50,50,1010,99,908
DGWO,Scenario_50,50,1015,98,905
GO,Scenario_100,100,1026,178,1712
DCOA-TS,Scenario_500,500,1010,635,340
GO,Scenario_500,500,1018,928,3390
DCOA-TS,Scenario_50,50,1011,124,0
SJF,Scenario_500,500,1012,0,0
DCOA-TS,Scenario_500,500,1022,429,0
I-COA,Scenario_100,100,1013,451,0
DCOA-TS,Scenario_50,50,1012,48,496
GO,Scenario_500,500,1008,1570,0
DGWO,Scenario_500,500,1028,1606,0
DBDE,Scenario_500,500,1029,799,0
DCOA-TS,Scenario_50,50,1013,54,542
I-COA,Scenario_100,100,1025,255,0
SJF,Scenario_500,500,1013,0,4
GO,Scenario_100,100,1027,178,1763
DWOA,Scenario_100,100,1019,276,0
DCOA-TS,Scenario_50,50,1014,48,468
DTSO-TS,Scenario_1000,1000,1016,463,0
DCOA-TS,Scenario_500,500,1002,646,247
DCOA-TS,Scenario_500,500,1028,420,0
DCOA-TS,Scenario_50,50,1015,48,565
I-COA,Scenario_500,500,1027,1080,0
DTSO-TS,Scenario_1000,1000,1021,396,0
FCFS,Scenario_2000,2000,1018,1,0
SJF,Scenario_500,500,1014,0,1
I-COA,Scenario_100,100,1026,187,1974
PSO-SA,Scenario_1000,1000,1012,368,0
GO,Scenario_100,100,1028,176,1888
GO,Scenario_500,500,1029,1132,0
DBDE,Scenario_500,500,1018,754,1406
DWOA,Scenario_100,100,1020,172,1884
DCOA-TS,Scenario_500,500,1011,366,3815
DWOA,Scenario_500,500,1009,868,2631
I-COA,Scenario_100,100,1014,374,3957
DCOA-TS,Scenario_500,500,1023,369,3912
SJF,Scenario_500,500,1015,0,2
DCOA-TS,Scenario_1000,1000,1025,764,1517
I-COA,Scenario_500,500,1017,967,3728
GO,Scenario_100,100,1029,179,1870
DWOA,Scenario_100,100,1021,165,1716
DWOA,Scenario_500,500,1016,894,2882
FCFS,Scenario_2000,2000,1019,0,2
DCOA-TS,Scenario_500,500,1029,428,0
DCOA-TS,Scenario_500,500,1003,443,0
DTSO-TS,Scenario_1000,1000,1017,400,0
I-COA,Scenario_100,100,1015,301,0
DTSO-TS,Scenario_1000,1000,1022,395,0
DWOA,Scenario_100,100,1022,172,1571
GO,Scenario_100,100,1000,184,1662
RoundRobin,Scenario_5000,5000,1002,1,0
DCOA-TS,Scenario_1000,1000,1015,879,0
I-COA,Scenario_500,500,1007,1025,0
DBDE,Scenario_500,500,1010,1082,0
DCOA-TS,Scenario_500,500,1024,425,0
I-COA,Scenario_100,100,1016,189,2096
PSO-SA,Scenario_1000,1000,1013,446,0
DWOA,Scenario_100,100,1023,172,1917
GO,Scenario_100,100,1001,179,2010
DCOA-TS,Scenario_1000,1000,1006,1160,0
DWOA,Scenario_500,500,1029,1055,0
GO,Scenario_500,500,1019,955,3632
FCFS,Scenario_2000,2000,1020,0,0
GO,Scenario_500,500,1009,971,3694
I-COA,Scenario_500,500,1000,957,3551
DCOA-TS,Scenario_500,500,1004,371,3842
DWOA,Scenario_100,100,1024,170,1761
I-COA,Scenario_100,100,1017,187,1917
DGWO,Scenario_500,500,1029,1002,4050
GO,Scenario_100,100,1002,179,1854
DCOA-TS,Scenario_500,500,1012,687,691
DTSO-TS,Scenario_1000,1000,1018,341,3565
DTSO-TS,Scenario_1000,1000,1023,340,3620
SJF,Scenario_5000,5000,1010,2,17
DBDE,Scenario_500,500,1019,861,2592
I-COA,Scenario_500,500,1028,965,3668
DBDE,Scenario_100,100,1028,173,0
DCOA-TS,Scenario_1000,1000,1026,812,0
DWOA,Scenario_100,100,1025,231,0
PSO-SA,Scenario_1000,1000,1014,255,2620
GO,Scenario_100,100,1003,228,0
FCFS,Scenario_2000,2000,1021,0,0
DWOA,Scenario_500,500,1010,943,0
DBDE,Scenario_100,100,1029,141,1400
DWOA,Scenario_100,100,1026,164,1619
I-COA,Scenario_500,500,1018,1010,0
DWOA,Scenario_500,500,1017,872,1843
GO,Scenario_100,100,1004,178,1769
DTSO-TS,Scenario_1000,1000,1019,377,0
DTSO-TS,Scenario_1000,1000,1024,371,0
I-COA,Scenario_100,100,1000,188,2026
DBDE,Scenario_500,500,1011,744,554
DCOA-TS,Scenario_1000,1000,1016,791,1099
DWOA,Scenario_100,100,1027,171,1977
RoundRobin,Scenario_5000,5000,1010,0,0
GO,Scenario_100,100,1005,178,2094
FCFS,Scenario_2000,2000,1022,0,0
DCOA-TS,Scenario_1000,1000,1007,741,655
PSO-SA,Scenario_1000,1000,1015,258,2640
I-COA,Scenario_500,500,1008,948,2976
I-COA,Scenario_100,100,1001,190,2011
DWOA,Scenario_500,500,1000,1499,2208
DWOA,Scenario_100,100,1028,164,1633
DGWO,Scenario_500,500,1005,975,3112
GO,Scenario_100,100,1006,232,0
DCOA-TS,Scenario_500,500,1013,851,0
GO,Scenario_500,500,1020,1001,0
DBDE,Scenario_500,500,1020,749,609
I-COA,Scenario_100,100,1002,243,0
DBDE,Scenario_500,500,1000,1081,0
GO,Scenario_500,500,1010,989,0
DTSO-TS,Scenario_1000,1000,1025,402,0
FCFS,Scenario_5000,5000,1020,1,3
RoundRobin,Scenario_5000,5000,1003,0,0
DCOA-TS,Scenario_1000,1000,1027,769,893
GO,Scenario_100,100,1007,177,1888
PSO-SA,Scenario_1000,1000,1016,356,0
I-COA,Scenario_500,500,1001,1118,0
I-COA,Scenario_100,100,1003,189,1809
DQN,Scenario_50,50,1000,4511,2725
DWOA,Scenario_100,100,1029,339,3423
I-COA,Scenario_500,500,1029,978,2976
GO,Scenario_100,100,1008,179,1692
I-COA,Scenario_2000,2000,1011,4834,1620
FCFS,Scenario_2000,2000,1023,0,2
DCOA-TS,Scenario_500,500,1014,375,3750
DWOA,Scenario_500,500,1018,900,2128
FCFS,Scenario_1000,1000,1000,0,0
I-COA,Scenario_100,100,1004,188,1960
DCOA-TS,Scenario_1000,1000,1017,786,802
GO,Scenario_500,500,1000,1296,0
I-COA,Scenario_500,500,1019,978,3027
DTSO-TS,Scenario_1000,1000,1026,349,3417
DTSO-TS,Scenario_5000,5000,1018,1878,0
GO,Scenario_100,100,1009,179,2016
DBDE,Scenario_100,100,1000,345,0
DCOA-TS,Scenario_1000,1000,1008,771,693
DWOA,Scenario_500,500,1011,1116,4527
PSO-SA,Scenario_1000,1000,1017,250,2542
FCFS,Scenario_1000,1000,1001,0,2
I-COA,Scenario_100,100,1005,283,0
DBDE,Scenario_100,100,1001,141,1557
DGWO,Scenario_100,100,1020,269,0
DWOA,Scenario_500,500,1001,953,0
DGWO,Scenario_2000,2000,1023,4391,6753
DBDE,Scenario_500,500,1021,774,899
FCFS,Scenario_2000,2000,1024,0,7
DBDE,Scenario_100,100,1002,142,1522
I-COA,Scenario_100,100,1006,186,1970
DCOA-TS,Scenario_1000,1000,1028,792,1105
DGWO,Scenario_100,100,1021,191,2094
DGWO,Scenario_500,500,1006,1036,3683
GO,Scenario_500,500,1021,1008,3459
DTSO-TS,Scenario_1000,1000,1027,427,0
RoundRobin,Scenario_5000,5000,1011,1,8
PSO-SA,Scenario_1000,1000,1018,254,2753
DBDE,Scenario_100,100,1003,141,1591
I-COA,Scenario_100,100,1007,191,2005
GO,Scenario_500,500,1011,1020,3576
DBDE,Scenario_500,500,1001,1034,3722
DGWO,Scenario_100,100,1022,197,1932
I-COA,Scenario_500,500,1009,1368,0
DBDE,Scenario_100,100,1004,243,0
FCFS,Scenario_2000,2000,1025,0,0
SJF,Scenario_5000,5000,1011,2,12
DBDE,Scenario_100,100,1005,157,1628
DCOA-TS,Scenario_1000,1000,1009,809,1207
PSO-SA,Scenario_1000,1000,1019,336,0
DTSO-TS,Scenario_1000,1000,1028,458,0
RoundRobin,Scenario_5000,5000,1004,0,0
FCFS,Scenario_5000,5000,1021,0,3
DWOA,Scenario_500,500,1012,934,2564
I-COA,Scenario_500,500,1020,1089,0
DBDE,Scenario_100,100,1006,142,1439
RoundRobin,Scenario_2000,2000,1016,0,0
GO,Scenario_500,500,1001,1164,0
DGWO,Scenario_100,100,1023,402,4018
DWOA,Scenario_500,500,1019,1315,0
DWOA,Scenario_500,500,1002,917,2004
DBDE,Scenario_100,100,1007,143,1212
DGWO,Scenario_100,100,1024,191,1558
DBDE,Scenario_100,100,1008,145,1127
RoundRobin,Scenario_2000,2000,1017,0,0
DCOA-TS,Scenario_1000,1000,1018,1612,0
DBDE,Scenario_500,500,1002,874,0
DCOA-TS,Scenario_1000,1000,1029,996,2194
DTSO-TS,Scenario_1000,1000,1029,497,0
DGWO,Scenario_500,500,1007,1170,0
DWOA,Scenario_100,100,1009,269,0
DQN,Scenario_50,50,1016,4683,0
DGWO,Scenario_100,100,1025,395,0
DWOA,Scenario_100,100,1000,165,1617
GO,Scenario_500,500,1022,1240,0
I-COA,Scenario_500,500,1010,1039,2471
DWOA,Scenario_100,100,1010,162,1549
RoundRobin,Scenario_5000,5000,1012,0,0
DWOA,Scenario_100,100,1001,163,1561
DWOA,Scenario_100,100,1011,163,1532
GO,Scenario_500,500,1012,1430,0
DQN,Scenario_50,50,1027,5072,2690
DWOA,Scenario_100,100,1002,165,1588
I-COA,Scenario_500,500,1021,1031,2191
DGWO,Scenario_100,100,1026,401,3823
GO,Scenario_500,500,1002,999,1923
DWOA,Scenario_500,500,1020,929,1305
DWOA,Scenario_100,100,1012,165,1679
DGWO,Scenario_500,500,1015,1041,2266
RoundRobin,Scenario_2000,2000,1018,0,0
FCFS,Scenario_5000,5000,1011,0,0
SJF,Scenario_5000,5000,1012,2,18
DWOA,Scenario_100,100,1003,322,0
DGWO,Scenario_100,100,1027,317,0
FCFS,Scenario_5000,5000,1022,0,2
DQN,Scenario_50,50,1006,5031,185
RoundRobin,Scenario_2000,2000,1019,0,0
DWOA,Scenario_100,100,1013,469,0
DCOA-TS,Scenario_1000,1000,1019,929,876
DGWO,Scenario_100,100,1028,190,1495
RoundRobin,Scenario_5000,5000,1005,0,0
DGWO,Scenario_500,500,1008,1032,1520
DWOA,Scenario_100,100,1004,334,2623
DGWO,Scenario_100,100,1029,191,1515
I-COA,Scenario_500,500,1011,1042,1340
RoundRobin,Scenario_2000,2000,1020,0,0
DWOA,Scenario_100,100,1014,337,2821
GO,Scenario_500,500,1023,1262,3348
DWOA,Scenario_500,500,1021,909,0
GO,Scenario_500,500,1013,1021,965
DWOA,Scenario_100,100,1005,433,0
DWOA,Scenario_100,100,1015,311,0
DWOA,Scenario_5000,5000,1026,12145,8118
RoundRobin,Scenario_5000,5000,1013,0,0
DWOA,Scenario_100,100,1006,164,1544
GO,Scenario_500,500,1003,1203,0
DGWO,Scenario_500,500,1016,1232,0
DTSO-TS,Scenario_5000,5000,1019,2476,1721
DWOA,Scenario_100,100,1007,166,1520
SJF,Scenario_5000,5000,1013,3,23
DWOA,Scenario_100,100,1016,339,3101
FCFS,Scenario_5000,5000,1012,0,0
DGWO,Scenario_500,500,1009,1048,1496
DWOA,Scenario_100,100,1008,240,1842
RoundRobin,Scenario_2000,2000,1021,0,0
DWOA,Scenario_100,100,1017,178,1260
DWOA,Scenario_100,100,1018,164,1337
DWOA,Scenario_500,500,1022,940,248
PSO-SA,Scenario_5000,5000,1019,1682,188
RoundRobin,Scenario_5000,5000,1006,1,0
FCFS,Scenario_5000,5000,1023,1,0
DQN,Scenario_100,100,1001,9788,1596
SJF,Scenario_5000,5000,1000,2,26
DGWO,Scenario_500,500,1017,1126,1328
DGWO,Scenario_2000,2000,1024,4304,1108
RoundRobin,Scenario_2000,2000,1022,0,0
DGWO,Scenario_500,500,1010,1040,843
SJF,Scenario_5000,5000,1014,2,23
I-COA,Scenario_2000,2000,1012,4916,205
DQN,Scenario_50,50,1001,5558,0
RoundRobin,Scenario_5000,5000,1014,0,0
RoundRobin,Scenario_5000,5000,1020,0,0
FCFS,Scenario_5000,5000,1013,0,0
RoundRobin,Scenario_2000,2000,1023,0,0
DGWO,Scenario_500,500,1018,1026,753
RoundRobin,Scenario_5000,5000,1007,0,0
SJF,Scenario_5000,5000,1001,7,52
DGWO,Scenario_500,500,1011,1053,894
FCFS,Scenario_5000,5000,1024,0,0
RoundRobin,Scenario_2000,2000,1024,0,0
SJF,Scenario_5000,5000,1015,2,17
RoundRobin,Scenario_5000,5000,1015,0,5
DQN,Scenario_100,100,1020,10759,1400
RoundRobin,Scenario_2000,2000,1025,0,0
DQN,Scenario_50,50,1017,5222,5306
RoundRobin,Scenario_5000,5000,1021,1,1
PSO-SA,Scenario_5000,5000,1009,1619,0
FCFS,Scenario_5000,5000,1014,0,0
DGWO,Scenario_500,500,1012,1119,0
RoundRobin,Scenario_2000,2000,1006,0,0
DQN,Scenario_50,50,1007,4778,1064
DTSO-TS,Scenario_5000,5000,1020,2643,0
SJF,Scenario_5000,5000,1002,3,19
RoundRobin,Scenario_5000,5000,1008,1,7
PSO-SA,Scenario_5000,5000,1020,1563,5143
DBDE,Scenario_2000,2000,1011,3146,2703
DGWO,Scenario_500,500,1019,1548,0
DBDE,Scenario_2000,2000,1001,3134,2497
RoundRobin,Scenario_2000,2000,1007,0,1
FCFS,Scenario_5000,5000,1025,1,4
SJF,Scenario_5000,5000,1016,2,17
RoundRobin,Scenario_2000,2000,1008,0,0
RoundRobin,Scenario_5000,5000,1016,1,10
RoundRobin,Scenario_5000,5000,1022,1,11
RoundRobin,Scenario_2000,2000,1009,0,0
DGWO,Scenario_500,500,1020,1029,209
FCFS,Scenario_5000,5000,1015,1,6
RoundRobin,Scenario_5000,5000,1009,0,4
RoundRobin,Scenario_2000,2000,1010,0,4
DGWO,Scenario_500,500,1013,1581,5420
FCFS,Scenario_5000,5000,1026,0,2
SJF,Scenario_5000,5000,1003,3,27
DGWO,Scenario_2000,2000,1025,4118,2847
SJF,Scenario_5000,5000,1017,2,17
RoundRobin,Scenario_2000,2000,1011,0,0
DGWO,Scenario_500,500,1021,1029,460
DQN,Scenario_100,100,1011,11257,1773
RoundRobin,Scenario_5000,5000,1023,0,4
RoundRobin,Scenario_5000,5000,1017,0,0
PSO-SA,Scenario_5000,5000,1010,1484,4701
RoundRobin,Scenario_2000,2000,1012,0,0
I-COA,Scenario_2000,2000,1013,4535,5923
DGWO,Scenario_500,500,1014,1139,0
FCFS,Scenario_5000,5000,1016,0,3
DQN,Scenario_50,50,1002,5111,2968
DTSO-TS,Scenario_5000,5000,1021,2050,849
DQN,Scenario_50,50,1028,8399,55
PSO-SA,Scenario_5000,5000,1021,1642,0
SJF,Scenario_5000,5000,1004,4,26
SJF,Scenario_5000,5000,1018,3,7
FCFS,Scenario_5000,5000,1027,1,1
RoundRobin,Scenario_2000,2000,1013,0,0
DBDE,Scenario_2000,2000,1002,3027,1035
DGWO,Scenario_500,500,1022,1315,0
RoundRobin,Scenario_5000,5000,1018,1,11
RoundRobin,Scenario_5000,5000,1024,3,22
RoundRobin,Scenario_2000,2000,1014,0,4
RoundRobin,Scenario_2000,2000,1015,0,0
FCFS,Scenario_5000,5000,1017,1,0
SJF,Scenario_5000,5000,1005,3,18
SJF,Scenario_5000,5000,1019,3,24
FCFS,Scenario_5000,5000,1028,1,2
DGWO,Scenario_500,500,1023,1083,221
DQN,Scenario_50,50,1008,4957,141
RoundRobin,Scenario_5000,5000,1025,0,1
PSO-SA,Scenario_5000,5000,1011,1500,4331
DBDE,Scenario_2000,2000,1012,5179,1526
FCFS,Scenario_5000,5000,1018,0,0
SJF,Scenario_5000,5000,1006,2,9
SJF,Scenario_5000,5000,1020,2,12
RoundRobin,Scenario_5000,5000,1019,0,0
DQN,Scenario_50,50,1018,6514,0
PSO-SA,Scenario_5000,5000,1022,1587,0
FCFS,Scenario_5000,5000,1029,0,1
DGWO,Scenario_2000,2000,1026,4476,3566
RoundRobin,Scenario_5000,5000,1026,0,3
DTSO-TS,Scenario_5000,5000,1022,2625,0
DBDE,Scenario_2000,2000,1003,3048,7706
DWOA,Scenario_2000,2000,1002,5338,0
I-COA,Scenario_1000,1000,1026,2785,0
SJF,Scenario_5000,5000,1007,3,29
SJF,Scenario_5000,5000,1021,2,7
FCFS,Scenario_5000,5000,1019,0,4
DQN,Scenario_50,50,1003,4564,2586
RoundRobin,Scenario_5000,5000,1027,0,4
I-COA,Scenario_2000,2000,1014,5101,6768
DWOA,Scenario_5000,5000,1027,11239,3912
SJF,Scenario_5000,5000,1008,3,20
DQN,Scenario_100,100,1021,9195,1111
SJF,Scenario_5000,5000,1022,2,5
DBDE,Scenario_2000,2000,1013,3039,0
PSO-SA,Scenario_5000,5000,1012,2079,0
PSO-SA,Scenario_5000,5000,1023,1479,2358
I-COA,Scenario_1000,1000,1027,1983,0
DQN,Scenario_50,50,1009,4587,1452
RoundRobin,Scenario_5000,5000,1028,0,11
DTSO-TS,Scenario_5000,5000,1023,1986,6779
DQN,Scenario_100,100,1002,12529,2656
SJF,Scenario_5000,5000,1009,2,18
SJF,Scenario_5000,5000,1023,2,13
DQN,Scenario_50,50,1029,7090,3091
DBDE,Scenario_2000,2000,1004,3050,4629
DGWO,Scenario_50,50,1000,275,0
DWOA,Scenario_2000,2000,1012,4488,0
DGWO,Scenario_50,50,1001,199,1192
DGWO,Scenario_2000,2000,1027,4063,0
DGWO,Scenario_50,50,1002,200,1320
DGWO,Scenario_50,50,1003,199,1278
DWOA,Scenario_2000,2000,1003,3909,1166
SJF,Scenario_5000,5000,1024,3,22
DGWO,Scenario_50,50,1004,199,1336
I-COA,Scenario_1000,1000,1028,1997,3926
DGWO,Scenario_50,50,1005,199,1338
DWOA,Scenario_1000,1000,1007,1775,2454
GO,Scenario_2000,2000,1022,6592,5489
PSO-SA,Scenario_5000,5000,1024,1546,839
DBDE,Scenario_2000,2000,1014,3075,0
RoundRobin,Scenario_5000,5000,1029,0,13
DQN,Scenario_50,50,1019,6247,1228
I-COA,Scenario_2000,2000,1015,3986,1128
PSO-SA,Scenario_5000,5000,1013,2212,5069
DTSO-TS,Scenario_5000,5000,1024,2032,0
FCFS,Scenario_5000,5000,1001,0,0
I-COA,Scenario_1000,1000,1029,1977,0
DBDE,Scenario_2000,2000,1005,2983,1835
DWOA,Scenario_1000,1000,1008,1759,2182
DQN,Scenario_50,50,1004,6227,0
DQN,Scenario_100,100,1012,11612,441
SJF,Scenario_5000,5000,1025,2,17
FCFS,Scenario_2000,2000,1000,0,8
FCFS,Scenario_5000,5000,1002,0,0
DGWO,Scenario_5000,5000,1017,10571,921
PSO-SA,Scenario_5000,5000,1025,1474,347
FCFS,Scenario_2000,2000,1001,1,0
DWOA,Scenario_2000,2000,1013,4049,1069
DQN,Scenario_50,50,1010,5703,2781
SJF,Scenario_5000,5000,1026,7,41
PSO-SA,Scenario_5000,5000,1014,1470,370
DBDE,Scenario_2000,2000,1015,3029,2585
DGWO,Scenario_1000,1000,1018,3084,3072
DWOA,Scenario_1000,1000,1009,1759,3689
FCFS,Scenario_2000,2000,1002,0,0
DTSO-TS,Scenario_5000,5000,1025,1996,0
FCFS,Scenario_5000,5000,1003,0,0
SJF,Scenario_5000,5000,1027,3,18
FCFS,Scenario_2000,2000,1003,4,18
DWOA,Scenario_2000,2000,1004,5009,0
DGWO,Scenario_2000,2000,1028,5675,3081
DQN,Scenario_50,50,1020,4865,0
FCFS,Scenario_5000,5000,1004,0,0
DWOA,Scenario_1000,1000,1010,1748,2367
I-COA,Scenario_2000,2000,1016,4656,0
DGWO,Scenario_1000,1000,1019,2032,0
DBDE,Scenario_2000,2000,1006,3767,0
PSO-SA,Scenario_5000,5000,1026,1536,1537
FCFS,Scenario_2000,2000,1004,0,0
SJF,Scenario_5000,5000,1028,4,36
PSO-SA,Scenario_5000,5000,1015,1585,0
GO,Scenario_2000,2000,1023,6376,0
DQN,Scenario_50,50,1005,4789,0
DBDE,Scenario_2000,2000,1016,2993,0
FCFS,Scenario_2000,2000,1005,1,5
DQN,Scenario_100,100,1022,10543,628
DWOA,Scenario_1000,1000,1011,1742,2516
FCFS,Scenario_5000,5000,1005,0,0
SJF,Scenario_5000,5000,1029,2,19
FCFS,Scenario_2000,2000,1006,0,0
DWOA,Scenario_2000,2000,1014,4386,2938
DQN,Scenario_100,100,1003,9927,0
DTSO-TS,Scenario_5000,5000,1026,2767,1068
FCFS,Scenario_2000,2000,1007,0,0
FCFS,Scenario_2000,2000,1008,0,0
DGWO,Scenario_1000,1000,1020,2677,119
PSO-SA,Scenario_5000,5000,1027,1474,553
DWOA,Scenario_5000,5000,1028,10907,3326
FCFS,Scenario_5000,5000,1006,0,2
FCFS,Scenario_2000,2000,1009,0,0
DBDE,Scenario_2000,2000,1007,3323,0
FCFS,Scenario_2000,2000,1010,0,0
DGWO,Scenario_2000,2000,1029,3978,817
PSO-SA,Scenario_5000,5000,1016,1514,871
DQN,Scenario_50,50,1011,6350,0
DWOA,Scenario_2000,2000,1005,4535,0
FCFS,Scenario_2000,2000,1011,0,0
DWOA,Scenario_1000,1000,1012,2213,0
I-COA,Scenario_2000,2000,1017,3915,199
DBDE,Scenario_1000,1000,1017,2160,0
DQN,Scenario_50,50,1021,4763,6322
FCFS,Scenario_2000,2000,1012,0,0
FCFS,Scenario_5000,5000,1007,1,0
DBDE,Scenario_2000,2000,1017,3265,4567
DGWO,Scenario_1000,1000,1021,1999,0
FCFS,Scenario_2000,2000,1013,0,0
DTSO-TS,Scenario_5000,5000,1027,1961,5004
I-COA,Scenario_2000,2000,1021,3911,315
FCFS,Scenario_2000,2000,1014,0,2
PSO-SA,Scenario_5000,5000,1028,1515,1663
FCFS,Scenario_2000,2000,1015,0,0
DBDE,Scenario_1000,1000,1018,1449,1034
FCFS,Scenario_5000,5000,1008,1,0
DQN,Scenario_100,100,1013,9950,0
DWOA,Scenario_1000,1000,1013,2035,0
DWOA,Scenario_2000,2000,1015,4457,3561
PSO-SA,Scenario_5000,5000,1017,1501,1545
DBDE,Scenario_1000,1000,1019,1405,7608
DGWO,Scenario_1000,1000,1022,2386,0
FCFS,Scenario_5000,5000,1009,1,5
DBDE,Scenario_2000,2000,1008,3782,0
I-COA,Scenario_1000,1000,1016,2139,3954
DTSO-TS,Scenario_5000,5000,1009,1923,2775
DBDE,Scenario_2000,2000,1018,2934,919
DWOA,Scenario_1000,1000,1014,1810,2518
I-COA,Scenario_2000,2000,1018,3845,0
DGWO,Scenario_5000,5000,1018,10367,0
GO,Scenario_2000,2000,1024,7256,4064
DWOA,Scenario_2000,2000,1006,4177,851
DQN,Scenario_50,50,1012,4702,0
DBDE,Scenario_1000,1000,1020,1516,1201
PSO-SA,Scenario_5000,5000,1029,1471,0
FCFS,Scenario_5000,5000,1010,0,0
I-COA,Scenario_2000,2000,1022,3831,0
DQN,Scenario_50,50,1022,4971,0
DWOA,Scenario_1000,1000,1015,1886,0
PSO-SA,Scenario_5000,5000,1018,1616,1830
DGWO,Scenario_1000,1000,1023,3021,739
DBDE,Scenario_1000,1000,1021,1514,0
DWOA,Scenario_2000,2000,1016,3864,0
DBDE,Scenario_2000,2000,1009,3129,1184
GO,Scenario_2000,2000,1000,7267,1688
DBDE,Scenario_2000,2000,1019,3357,1807
DTSO-TS,Scenario_5000,5000,1010,2793,0
DQN,Scenario_100,100,1023,10358,0
I-COA,Scenario_1000,1000,1017,3756,0
DTSO-TS,Scenario_5000,5000,1000,1990,2184
DQN,Scenario_100,100,1004,10105,2317
DBDE,Scenario_1000,1000,1022,1479,0
I-COA,Scenario_2000,2000,1019,3862,0
DWOA,Scenario_2000,2000,1007,3717,3142
DWOA,Scenario_1000,1000,1016,2106,2934
DGWO,Scenario_1000,1000,1024,1992,2556
DQN,Scenario_50,50,1013,4484,0
I-COA,Scenario_2000,2000,1001,3850,4003
PSO-SA,Scenario_5000,5000,1000,1525,0
DBDE,Scenario_1000,1000,1023,1458,0
I-COA,Scenario_2000,2000,1023,4498,0
DBDE,Scenario_2000,2000,1010,3023,0
DWOA,Scenario_5000,5000,1029,10330,0
I-COA,Scenario_1000,1000,1018,2417,4964
DWOA,Scenario_1000,1000,1017,2049,2684
DTSO-TS,Scenario_5000,5000,1011,1942,2388
DGWO,Scenario_1000,1000,1025,2004,0
DWOA,Scenario_2000,2000,1017,3670,3268
GO,Scenario_2000,2000,1025,6387,1496
DQN,Scenario_50,50,1023,6190,150
DTSO-TS,Scenario_5000,5000,1001,1951,2456
DBDE,Scenario_1000,1000,1024,1915,2025
DBDE,Scenario_2000,2000,1020,4618,127
I-COA,Scenario_2000,2000,1020,3828,0
DWOA,Scenario_2000,2000,1008,3940,0
DGWO,Scenario_1000,1000,1026,1995,2619
DWOA,Scenario_1000,1000,1018,2078,3194
I-COA,Scenario_1000,1000,1019,2260,0
PSO-SA,Scenario_5000,5000,1001,1668,672
DQN,Scenario_100,100,1014,11306,5001
DBDE,Scenario_1000,1000,1025,1610,819
DTSO-TS,Scenario_5000,5000,1012,1964,2430
I-COA,Scenario_2000,2000,1002,4681,446
DQN,Scenario_50,50,1014,5548,5240
I-COA,Scenario_2000,2000,1024,4082,0
DTSO-TS,Scenario_5000,5000,1002,2332,0
DWOA,Scenario_2000,2000,1022,4112,0
DGWO,Scenario_1000,1000,1027,2013,2445
DBDE,Scenario_1000,1000,1026,1407,7663
DWOA,Scenario_1000,1000,1019,2160,0
GO,Scenario_2000,2000,1001,8025,0
I-COA,Scenario_1000,1000,1020,2324,0
DGWO,Scenario_5000,5000,1019,10117,0
DBDE,Scenario_2000,2000,1021,2987,491
PSO-SA,Scenario_5000,5000,1002,1457,0
DQN,Scenario_500,500,1015,55520,11380
DQN,Scenario_50,50,1024,5056,3370
DBDE,Scenario_1000,1000,1027,1469,0
DTSO-TS,Scenario_5000,5000,1013,1967,3360
DWOA,Scenario_2000,2000,1018,5987,0
DQN,Scenario_100,100,1005,8919,0
DWOA,Scenario_1000,1000,1020,1788,1477
DGWO,Scenario_1000,1000,1009,2078,0
I-COA,Scenario_1000,1000,1021,1908,1632
DQN,Scenario_100,100,1024,9865,4607
GO,Scenario_2000,2000,1026,6406,1976
DBDE,Scenario_1000,1000,1028,1461,0
DTSO-TS,Scenario_5000,5000,1003,2536,0
DWOA,Scenario_2000,2000,1009,5800,0
PSO-SA,Scenario_5000,5000,1003,1481,0
GO,Scenario_2000,2000,1012,6179,1070
DQN,Scenario_500,500,1000,50119,7580
DWOA,Scenario_1000,1000,1021,1915,2636
DBDE,Scenario_5000,5000,1000,7877,0
DQN,Scenario_50,50,1015,4552,1039
DGWO,Scenario_1000,1000,1010,1967,3059
I-COA,Scenario_2000,2000,1003,4561,712
I-COA,Scenario_1000,1000,1022,1947,3021
DBDE,Scenario_2000,2000,1022,3924,0
DBDE,Scenario_1000,1000,1029,1466,190
DTSO-TS,Scenario_5000,5000,1014,2036,3136
I-COA,Scenario_2000,2000,1025,5423,0
DWOA,Scenario_2000,2000,1023,5460,0
DQN,Scenario_500,500,1025,50713,93
DWOA,Scenario_1000,1000,1022,2027,0
DQN,Scenario_50,50,1025,4936,0
DWOA,Scenario_2000,2000,1019,4381,0
DTSO-TS,Scenario_5000,5000,1004,2199,4003
DGWO,Scenario_1000,1000,1011,2280,0
I-COA,Scenario_1000,1000,1023,2182,3178
I-COA,Scenario_1000,1000,1000,1940,1796
PSO-SA,Scenario_5000,5000,1004,1694,943
GO,Scenario_2000,2000,1002,6592,2622
DWOA,Scenario_2000,2000,1010,4041,4786
DWOA,Scenario_1000,1000,1023,1768,682
DGWO,Scenario_2000,2000,1012,3944,0
DTSO-TS,Scenario_5000,5000,1015,2662,5284
DQN,Scenario_100,100,1015,10036,4631
DGWO,Scenario_1000,1000,1012,1932,1532
I-COA,Scenario_2000,2000,1004,4030,0
I-COA,Scenario_1000,1000,1024,1911,1057
I-COA,Scenario_1000,1000,1001,1909,1041
DQN,Scenario_500,500,1005,50038,2314
I-COA,Scenario_2000,2000,1026,3777,2648
DBDE,Scenario_2000,2000,1023,4513,0
DWOA,Scenario_2000,2000,1024,3788,2588
DTSO-TS,Scenario_5000,5000,1005,2008,1970
GO,Scenario_2000,2000,1027,6811,0
DWOA,Scenario_1000,1000,1024,1759,968
GO,Scenario_2000,2000,1013,5968,0
DWOA,Scenario_2000,2000,1020,3709,2355
DGWO,Scenario_1000,1000,1013,1976,1845
PSO-SA,Scenario_5000,5000,1005,2370,0
DQN,Scenario_100,100,1006,9300,0
I-COA,Scenario_1000,1000,1002,2361,0
DTSO-TS,Scenario_5000,5000,1016,2023,2211
DGWO,Scenario_5000,5000,1020,10339,4978
DWOA,Scenario_1000,1000,1025,2023,1613
I-COA,Scenario_1000,1000,1025,3127,0
DGWO,Scenario_2000,2000,1013,3874,2972
DTSO-TS,Scenario_5000,5000,1006,1965,1582
DWOA,Scenario_2000,2000,1011,4608,6956
I-COA,Scenario_2000,2000,1005,3829,2748
DGWO,Scenario_1000,1000,1014,2021,0
DQN,Scenario_100,100,1025,10411,0
DBDE,Scenario_5000,5000,1001,8148,81
PSO-SA,Scenario_5000,5000,1006,1493,0
GO,Scenario_2000,2000,1003,6013,0
I-COA,Scenario_1000,1000,1003,2297,3613
DWOA,Scenario_1000,1000,1026,1954,2021
DBDE,Scenario_2000,2000,1024,4172,4770
DWOA,Scenario_2000,2000,1025,4655,0
I-COA,Scenario_2000,2000,1027,4736,0
DWOA,Scenario_2000,2000,1021,3903,0
DGWO,Scenario_1000,1000,1015,1961,1517
I-COA,Scenario_1000,1000,1007,2921,0
DTSO-TS,Scenario_5000,5000,1017,2817,0
DTSO-TS,Scenario_5000,5000,1007,2205,3149
I-COA,Scenario_1000,1000,1004,2014,0
GO,Scenario_2000,2000,1028,6523,0
GO,Scenario_1000,1000,1027,2307,2811
DGWO,Scenario_1000,1000,1016,2080,1498
DGWO,Scenario_2000,2000,1014,4578,0
PSO-SA,Scenario_5000,5000,1007,1552,0
I-COA,Scenario_2000,2000,1006,4318,4591
DBDE,Scenario_2000,2000,1025,2985,6150
GO,Scenario_2000,2000,1014,7184,3015
I-COA,Scenario_1000,1000,1005,1946,1657
DGWO,Scenario_5000,5000,1007,10674,4283
I-COA,Scenario_1000,1000,1008,3003,0
DWOA,Scenario_2000,2000,1026,3836,2410
GO,Scenario_1000,1000,1028,2086,2365
DTSO-TS,Scenario_5000,5000,1008,2087,2286
DQN,Scenario_100,100,1016,10894,0
I-COA,Scenario_2000,2000,1028,4694,0
I-COA,Scenario_1000,1000,1006,1926,999
PSO-SA,Scenario_5000,5000,1008,1617,0
DQN,Scenario_100,100,1007,9078,4268
I-COA,Scenario_1000,1000,1009,2094,1812
DBDE,Scenario_2000,2000,1026,3049,6536
DGWO,Scenario_1000,1000,1017,3612,1679
GO,Scenario_1000,1000,1029,2152,0
DGWO,Scenario_2000,2000,1015,4144,0
GO,Scenario_2000,2000,1004,7722,0
DBDE,Scenario_1000,1000,1007,1457,0
DCOA-TS,Scenario_5000,5000,1008,5662,0
DTSO-TS,Scenario_5000,5000,1028,2016,0
DCOA-TS,Scenario_2000,2000,1004,1633,0
DWOA,Scenario_2000,2000,1027,3866,2361
I-COA,Scenario_1000,1000,1010,2044,0
DWOA,Scenario_1000,1000,1000,1835,831
I-COA,Scenario_2000,2000,1007,5250,951
DBDE,Scenario_5000,5000,1002,9080,3596
I-COA,Scenario_2000,2000,1029,3943,3167
DCOA-TS,Scenario_2000,2000,1005,1545,0
GO,Scenario_1000,1000,1008,2700,5469
GO,Scenario_2000,2000,1029,7258,3561
DBDE,Scenario_2000,2000,1027,3018,7213
DBDE,Scenario_1000,1000,1008,2244,3402
DQN,Scenario_100,100,1026,11609,250
DWOA,Scenario_1000,1000,1001,1873,1579
GO,Scenario_2000,2000,1015,7103,2495
DTSO-TS,Scenario_5000,5000,1029,2021,0
FCFS,Scenario_5000,5000,1000,1,16
DGWO,Scenario_5000,5000,1021,12611,0
DGWO,Scenario_2000,2000,1016,3918,4010
DCOA-TS,Scenario_2000,2000,1006,2004,0
DBDE,Scenario_1000,1000,1009,1753,603
I-COA,Scenario_1000,1000,1011,3434,1181
GO,Scenario_1000,1000,1009,2990,0
DWOA,Scenario_1000,1000,1002,1883,374
DWOA,Scenario_2000,2000,1028,4466,5923
DCOA-TS,Scenario_2000,2000,1007,1492,6546
DWOA,Scenario_1000,1000,1027,2623,0
DCOA-TS,Scenario_5000,5000,1009,5318,1717
I-COA,Scenario_2000,2000,1008,4633,0
DBDE,Scenario_1000,1000,1010,1660,0
DWOA,Scenario_2000,2000,1000,3822,1907
DBDE,Scenario_2000,2000,1028,3941,2597
I-COA,Scenario_1000,1000,1012,2049,1391
DWOA,Scenario_1000,1000,1003,1769,174
GO,Scenario_2000,2000,1005,6994,1701
DBDE,Scenario_1000,1000,1011,1469,0
GO,Scenario_1000,1000,1010,2789,0
DCOA-TS,Scenario_2000,2000,1008,1932,723
DGWO,Scenario_2000,2000,1017,3922,1340
DQN,Scenario_100,100,1017,10888,3764
DGWO,Scenario_5000,5000,1008,11130,0
DWOA,Scenario_1000,1000,1028,2551,3453
I-COA,Scenario_1000,1000,1013,1908,345
DCOA-TS,Scenario_5000,5000,1000,5047,0
DBDE,Scenario_1000,1000,1012,1479,0
DQN,Scenario_100,100,1008,10912,0
DWOA,Scenario_1000,1000,1004,2377,0
DWOA,Scenario_2000,2000,1029,3760,0
DCOA-TS,Scenario_2000,2000,1009,1536,0
I-COA,Scenario_2000,2000,1009,3797,754
DWOA,Scenario_2000,2000,1001,3827,824
GO,Scenario_2000,2000,1016,7117,0
DWOA,Scenario_1000,1000,1029,1785,123
DBDE,Scenario_1000,1000,1013,1433,6756
DBDE,Scenario_2000,2000,1029,4222,2953
DBDE,Scenario_5000,5000,1003,8735,519
DCOA-TS,Scenario_2000,2000,1010,1694,0
DQN,Scenario_100,100,1027,8987,1306
I-COA,Scenario_1000,1000,1014,2824,0
GO,Scenario_1000,1000,1011,3809,1465
DWOA,Scenario_1000,1000,1005,2272,2451
DBDE,Scenario_1000,1000,1000,1539,0
DCOA-TS,Scenario_5000,5000,1010,5492,743
DBDE,Scenario_1000,1000,1014,1420,6413
DBDE,Scenario_2000,2000,1000,3347,0
DGWO,Scenario_2000,2000,1018,4885,0
DCOA-TS,Scenario_2000,2000,1011,1561,0
I-COA,Scenario_1000,1000,1015,1915,202
GO,Scenario_2000,2000,1006,6623,0
DBDE,Scenario_1000,1000,1015,1493,0
I-COA,Scenario_2000,2000,1010,3813,1036
DBDE,Scenario_1000,1000,1001,1990,659
DCOA-TS,Scenario_5000,5000,1001,4902,0
DCOA-TS,Scenario_2000,2000,1012,1569,0
PSO-SA,Scenario_2000,2000,1015,660,3147
DGWO,Scenario_5000,5000,1022,10602,0
I-COA,Scenario_2000,2000,1000,3961,1801
GO,Scenario_1000,1000,1012,3346,0
DWOA,Scenario_1000,1000,1006,3598,290
DBDE,Scenario_1000,1000,1016,1984,1021
DTSO-TS,Scenario_2000,2000,1024,1523,0
PSO-SA,Scenario_2000,2000,1016,994,4188
DCOA-TS,Scenario_2000,2000,1013,1603,0
DBDE,Scenario_1000,1000,1002,2471,0
GO,Scenario_2000,2000,1017,6222,0
DTSO-TS,Scenario_2000,2000,1025,770,3437
PSO-SA,Scenario_2000,2000,1017,529,2341
DGWO,Scenario_2000,2000,1019,4077,2251
DCOA-TS,Scenario_5000,5000,1011,5038,0
DTSO-TS,Scenario_2000,2000,1026,841,0
PSO-SA,Scenario_2000,2000,1018,597,2396
DQN,Scenario_100,100,1018,10280,0
DBDE,Scenario_1000,1000,1003,1532,0
GO,Scenario_1000,1000,1018,3322,0
PSO-SA,Scenario_2000,2000,1019,621,2423
DTSO-TS,Scenario_2000,2000,1027,786,3120
GO,Scenario_1000,1000,1013,3946,793
DQN,Scenario_100,100,1009,10231,5599
DCOA-TS,Scenario_2000,2000,1014,2472,2570
PSO-SA,Scenario_2000,2000,1020,671,0
DTSO-TS,Scenario_2000,2000,1028,869,0
DQN,Scenario_100,100,1028,9098,39
DBDE,Scenario_1000,1000,1004,1662,0
PSO-SA,Scenario_2000,2000,1021,531,2244
DGWO,Scenario_5000,5000,1009,11659,0
GO,Scenario_1000,1000,1019,2214,1899
DTSO-TS,Scenario_2000,2000,1029,774,3521
DCOA-TS,Scenario_2000,2000,1015,1678,0
DGWO,Scenario_2000,2000,1020,4166,2059
GO,Scenario_1000,1000,1014,2489,0
PSO-SA,Scenario_2000,2000,1022,596,0
GO,Scenario_2000,2000,1007,8140,0
PSO-SA,Scenario_2000,2000,1023,569,2213
DCOA-TS,Scenario_2000,2000,1000,1623,0
DBDE,Scenario_5000,5000,1004,9475,1710
DCOA-TS,Scenario_5000,5000,1012,4931,5966
DBDE,Scenario_1000,1000,1005,3153,0
GO,Scenario_1000,1000,1020,2700,0
PSO-SA,Scenario_2000,2000,1024,631,0
DCOA-TS,Scenario_5000,5000,1002,8489,5671
DGWO,Scenario_5000,5000,1027,10155,5230
GO,Scenario_1000,1000,1015,2224,2951
DCOA-TS,Scenario_2000,2000,1016,2557,4530
GO,Scenario_2000,2000,1018,7588,2782
DCOA-TS,Scenario_2000,2000,1001,1681,0
PSO-SA,Scenario_2000,2000,1005,604,2768
DBDE,Scenario_1000,1000,1006,1487,0
DGWO,Scenario_2000,2000,1021,3941,3069
PSO-SA,Scenario_2000,2000,1006,595,2448
DCOA-TS,Scenario_2000,2000,1017,1580,0
GO,Scenario_1000,1000,1021,2314,2967
GO,Scenario_1000,1000,1016,2384,0
DGWO,Scenario_5000,5000,1023,10648,482
DCOA-TS,Scenario_2000,2000,1002,1639,0
PSO-SA,Scenario_2000,2000,1007,729,0
PSO-SA,Scenario_2000,2000,1008,608,2150
DCOA-TS,Scenario_2000,2000,1018,1679,0
DCOA-TS,Scenario_2000,2000,1003,1624,0
PSO-SA,Scenario_2000,2000,1009,653,0
GO,Scenario_1000,1000,1022,2386,2461
GO,Scenario_1000,1000,1017,2465,2677
DCOA-TS,Scenario_5000,5000,1013,4987,0
DTSO-TS,Scenario_2000,2000,1015,768,3538
DQN,Scenario_100,100,1029,9277,3769
DQN,Scenario_100,100,1010,10466,1049
DQN,Scenario_500,500,1001,48009,2421
DCOA-TS,Scenario_2000,2000,1019,1581,0
DCOA-TS,Scenario_100,100,1021,95,490
PSO-SA,Scenario_2000,2000,1010,587,2625
DCOA-TS,Scenario_100,100,1022,164,0
DCOA-TS,Scenario_100,100,1023,89,460
DGWO,Scenario_2000,2000,1003,4023,2464
GO,Scenario_2000,2000,1008,7782,4674
DCOA-TS,Scenario_100,100,1024,90,440
DCOA-TS,Scenario_100,100,1025,89,355
DQN,Scenario_100,100,1019,12012,513
DCOA-TS,Scenario_100,100,1026,89,335
DCOA-TS,Scenario_100,100,1027,88,348
DCOA-TS,Scenario_100,100,1028,90,412
DCOA-TS,Scenario_100,100,1029,90,455
DTSO-TS,Scenario_2000,2000,1016,855,0
PSO-SA,Scenario_2000,2000,1011,576,2493
DGWO,Scenario_1000,1000,1028,1961,1514
DCOA-TS,Scenario_2000,2000,1020,1591,0
DTSO-TS,Scenario_2000,2000,1017,798,3329
PSO-SA,Scenario_2000,2000,1012,585,2345
GO,Scenario_1000,1000,1023,2816,0
PSO-SA,Scenario_2000,2000,1013,576,2473
DTSO-TS,Scenario_2000,2000,1018,793,3506
DCOA-TS,Scenario_5000,5000,1003,8670,1066
GO,Scenario_2000,2000,1019,8961,0
DTSO-TS,Scenario_2000,2000,1019,841,0
PSO-SA,Scenario_2000,2000,1014,725,0
DGWO,Scenario_1000,1000,1029,2755,0
GO,Scenario_1000,1000,1024,2409,3366
DCOA-TS,Scenario_2000,2000,1021,2858,5620
DQN,Scenario_500,500,1016,55890,0
DTSO-TS,Scenario_2000,2000,1020,803,3633
DGWO,Scenario_2000,2000,1004,4852,0
DCOA-TS,Scenario_5000,5000,1014,5006,615
DGWO,Scenario_5000,5000,1010,12977,0
DGWO,Scenario_5000,5000,1028,10289,1020
DTSO-TS,Scenario_2000,2000,1005,1383,0
DTSO-TS,Scenario_2000,2000,1021,826,4345
GO,Scenario_2000,2000,1009,5891,5176
DBDE,Scenario_5000,5000,1005,11409,0
GO,Scenario_1000,1000,1025,2390,0
DTSO-TS,Scenario_2000,2000,1006,822,0
DCOA-TS,Scenario_2000,2000,1022,1996,2740
DTSO-TS,Scenario_2000,2000,1022,827,0
DQN,Scenario_500,500,1026,53658,7704
GO,Scenario_1000,1000,1000,3145,883
DTSO-TS,Scenario_2000,2000,1007,871,0
DGWO,Scenario_5000,5000,1024,10224,2450
DTSO-TS,Scenario_2000,2000,1023,831,0
DTSO-TS,Scenario_2000,2000,1008,796,3165
DCOA-TS,Scenario_2000,2000,1023,1886,1187
DGWO,Scenario_2000,2000,1005,3942,3962
GO,Scenario_1000,1000,1026,2804,0
GO,Scenario_1000,1000,1001,2322,0
DTSO-TS,Scenario_2000,2000,1009,829,0
SJF,Scenario_2000,2000,1015,0,0
DQN,Scenario_100,100,1000,9701,1140
DTSO-TS,Scenario_100,100,1011,33,147
DTSO-TS,Scenario_100,100,1012,34,135
DTSO-TS,Scenario_100,100,1013,34,161
DTSO-TS,Scenario_100,100,1014,33,161
DTSO-TS,Scenario_100,100,1015,34,169
DTSO-TS,Scenario_100,100,1016,34,151
DTSO-TS,Scenario_100,100,1017,34,152
DTSO-TS,Scenario_100,100,1018,34,154
DTSO-TS,Scenario_100,100,1019,34,181
DTSO-TS,Scenario_100,100,1020,33,160
DTSO-TS,Scenario_100,100,1021,33,160
SJF,Scenario_2000,2000,1016,0,0
DTSO-TS,Scenario_100,100,1022,37,192
DTSO-TS,Scenario_100,100,1023,87,0
DTSO-TS,Scenario_100,100,1024,34,134
DCOA-TS,Scenario_2000,2000,1024,1593,43
DTSO-TS,Scenario_100,100,1025,35,175
DTSO-TS,Scenario_100,100,1026,34,159
DTSO-TS,Scenario_100,100,1027,33,169
DTSO-TS,Scenario_100,100,1028,34,164
DTSO-TS,Scenario_100,100,1029,34,174
DTSO-TS,Scenario_2000,2000,1010,835,0
SJF,Scenario_2000,2000,1017,1,0
DCOA-TS,Scenario_100,100,1000,86,407
DTSO-TS,Scenario_100,100,1001,35,153
DTSO-TS,Scenario_100,100,1002,34,176
DTSO-TS,Scenario_100,100,1003,35,166
DTSO-TS,Scenario_100,100,1004,34,180
DTSO-TS,Scenario_100,100,1005,34,195
DTSO-TS,Scenario_100,100,1006,40,225
DCOA-TS,Scenario_5000,5000,1015,5028,1495
DTSO-TS,Scenario_100,100,1007,41,201
DTSO-TS,Scenario_100,100,1008,34,155
DTSO-TS,Scenario_100,100,1009,36,201
SJF,Scenario_2000,2000,1018,1,1
DTSO-TS,Scenario_100,100,1010,34,160
PSO-SA,Scenario_100,100,1022,27,104
PSO-SA,Scenario_100,100,1023,27,121
PSO-SA,Scenario_100,100,1024,26,110
PSO-SA,Scenario_100,100,1025,26,105
PSO-SA,Scenario_100,100,1026,27,116
GO,Scenario_2000,2000,1020,7628,113
PSO-SA,Scenario_100,100,1027,37,125
PSO-SA,Scenario_100,100,1028,27,114
PSO-SA,Scenario_100,100,1029,29,130
DTSO-TS,Scenario_100,100,1000,35,164
SJF,Scenario_2000,2000,1019,1,12
DTSO-TS,Scenario_2000,2000,1011,817,3952
GO,Scenario_2000,2000,1010,5696,4991
GO,Scenario_1000,1000,1002,2672,0
SJF,Scenario_2000,2000,1020,1,1
DCOA-TS,Scenario_2000,2000,1025,1870,2001
DTSO-TS,Scenario_2000,2000,1012,798,3360
DCOA-TS,Scenario_5000,5000,1004,8959,0
SJF,Scenario_2000,2000,1021,1,2
DQN,Scenario_500,500,1006,57320,0
SJF,Scenario_2000,2000,1022,1,2
DTSO-TS,Scenario_2000,2000,1013,897,0
SJF,Scenario_2000,2000,1023,1,3
DGWO,Scenario_2000,2000,1006,4719,784
SJF,Scenario_2000,2000,1024,1,0
GO,Scenario_1000,1000,1003,2212,2826
SJF,Scenario_2000,2000,1025,2,0
DTSO-TS,Scenario_2000,2000,1014,806,3552
DCOA-TS,Scenario_2000,2000,1026,2430,0
SJF,Scenario_2000,2000,1026,2,8
SJF,Scenario_2000,2000,1027,1,0
PSO-SA,Scenario_2000,2000,1025,671,2321
SJF,Scenario_2000,2000,1028,1,6
SJF,Scenario_2000,2000,1029,1,0
PSO-SA,Scenario_2000,2000,1026,692,0
DCOA-TS,Scenario_2000,2000,1027,1812,502
DGWO,Scenario_5000,5000,1029,10914,96
PSO-SA,Scenario_2000,2000,1000,594,2343
GO,Scenario_1000,1000,1004,3145,0
PSO-SA,Scenario_2000,2000,1027,530,2186
PSO-SA,Scenario_2000,2000,1001,586,0
DCOA-TS,Scenario_5000,5000,1016,7060,3233
DGWO,Scenario_2000,2000,1007,4392,0
GO,Scenario_2000,2000,1011,6580,1035
PSO-SA,Scenario_2000,2000,1028,583,0
DGWO,Scenario_5000,5000,1025,10360,4002
DGWO,Scenario_5000,5000,1011,13112,2842
DCOA-TS,Scenario_2000,2000,1028,1853,2308
PSO-SA,Scenario_2000,2000,1002,608,3574
PSO-SA,Scenario_2000,2000,1029,611,0
GO,Scenario_2000,2000,1021,8541,0
PSO-SA,Scenario_2000,2000,1003,531,2046
DWOA,Scenario_5000,5000,1016,13320,4864
DTSO-TS,Scenario_2000,2000,1000,817,3743
DCOA-TS,Scenario_2000,2000,1029,1626,0
GO,Scenario_1000,1000,1005,3129,79
PSO-SA,Scenario_2000,2000,1004,531,2157
SJF,Scenario_2000,2000,1005,1,2
SJF,Scenario_2000,2000,1006,1,0
DTSO-TS,Scenario_2000,2000,1001,868,0
SJF,Scenario_2000,2000,1007,1,1
DCOA-TS,Scenario_5000,5000,1005,7403,0
SJF,Scenario_2000,2000,1008,1,2
DTSO-TS,Scenario_2000,2000,1002,802,3448
SJF,Scenario_2000,2000,1009,0,3
DGWO,Scenario_2000,2000,1008,4174,1461
SJF,Scenario_2000,2000,1010,1,0
GO,Scenario_1000,1000,1006,2411,1479
SJF,Scenario_2000,2000,1011,0,3
DTSO-TS,Scenario_2000,2000,1003,765,3436
SJF,Scenario_2000,2000,1012,1,1
SJF,Scenario_2000,2000,1013,0,0
DCOA-TS,Scenario_5000,5000,1017,5215,0
SJF,Scenario_2000,2000,1014,1,1
DTSO-TS,Scenario_2000,2000,1004,868,0
RoundRobin,Scenario_2000,2000,1026,0,1
RoundRobin,Scenario_2000,2000,1027,0,0
RoundRobin,Scenario_2000,2000,1028,1,4
GO,Scenario_1000,1000,1007,2503,2460
RoundRobin,Scenario_2000,2000,1029,0,1
SJF,Scenario_2000,2000,1000,1,6
SJF,Scenario_2000,2000,1001,1,10
DGWO,Scenario_2000,2000,1009,3946,397
SJF,Scenario_2000,2000,1002,1,8
SJF,Scenario_2000,2000,1003,1,0
SJF,Scenario_2000,2000,1004,1,1
DGWO,Scenario_5000,5000,1026,10454,0
GO,Scenario_5000,5000,1026,21395,0
DCOA-TS,Scenario_5000,5000,1027,5561,0
DGWO,Scenario_2000,2000,1010,3939,597
DCOA-TS,Scenario_5000,5000,1006,7666,0
DGWO,Scenario_5000,5000,1012,13207,0
DWOA,Scenario_5000,5000,1017,13550,0
DGWO,Scenario_2000,2000,1011,4832,2782
I-COA,Scenario_5000,5000,1015,14079,715
GO,Scenario_5000,5000,1000,18529,0
DCOA-TS,Scenario_5000,5000,1028,5773,0
DCOA-TS,Scenario_5000,5000,1007,7185,3350
DCOA-TS,Scenario_5000,5000,1029,5172,2622
DCOA-TS,Scenario_5000,5000,1018,5620,0
DGWO,Scenario_5000,5000,1013,12650,0
DQN,Scenario_500,500,1002,48669,0
DWOA,Scenario_5000,5000,1018,13054,1434
I-COA,Scenario_5000,5000,1016,13310,1868
GO,Scenario_5000,5000,1027,19738,3517
DCOA-TS,Scenario_5000,5000,1019,4965,0
GO,Scenario_5000,5000,1016,18965,7288
GO,Scenario_5000,5000,1001,20358,4316
DCOA-TS,Scenario_5000,5000,1020,4944,1782
DQN,Scenario_500,500,1027,54394,0
DQN,Scenario_500,500,1017,57792,4589
DGWO,Scenario_5000,5000,1014,13873,4313
DWOA,Scenario_5000,5000,1019,11681,4309
DCOA-TS,Scenario_5000,5000,1021,5377,4727
DQN,Scenario_500,500,1007,53879,0
I-COA,Scenario_5000,5000,1017,14987,0
DCOA-TS,Scenario_5000,5000,1022,5187,3069
GO,Scenario_5000,5000,1028,21972,1899
DCOA-TS,Scenario_5000,5000,1023,4964,2817
DGWO,Scenario_5000,5000,1015,13421,2366
GO,Scenario_5000,5000,1002,19101,926
GO,Scenario_5000,5000,1017,21838,4144
DWOA,Scenario_5000,5000,1020,15747,0
DCOA-TS,Scenario_5000,5000,1024,4937,0
I-COA,Scenario_5000,5000,1018,15687,0
DCOA-TS,Scenario_5000,5000,1025,4901,4362
DGWO,Scenario_5000,5000,1016,10676,5054
DCOA-TS,Scenario_5000,5000,1026,5700,1647
DWOA,Scenario_5000,5000,1021,13671,3730
DQN,Scenario_500,500,1003,49913,2666
GO,Scenario_5000,5000,1029,21201,0
GO,Scenario_5000,5000,1003,18449,1989
I-COA,Scenario_5000,5000,1019,14604,0
GO,Scenario_5000,5000,1018,22847,0
DWOA,Scenario_5000,5000,1000,11803,0
DQN,Scenario_500,500,1018,50065,0
DQN,Scenario_500,500,1028,51551,0
DWOA,Scenario_5000,5000,1022,15794,258
I-COA,Scenario_5000,5000,1020,12341,0
DQN,Scenario_500,500,1008,53579,4642
DQN,Scenario_1000,1000,1019,96587,2155
GO,Scenario_5000,5000,1004,22596,0
DWOA,Scenario_5000,5000,1001,11829,0
GO,Scenario_5000,5000,1019,20782,78
DQN,Scenario_2000,2000,1003,221938,1816
I-COA,Scenario_5000,5000,1021,10285,508
DWOA,Scenario_5000,5000,1023,13680,0
DWOA,Scenario_5000,5000,1002,11560,0
I-COA,Scenario_5000,5000,1022,10331,0
DWOA,Scenario_5000,5000,1024,16076,6524
DQN,Scenario_500,500,1004,49040,2274
GO,Scenario_5000,5000,1005,22581,1771
GO,Scenario_5000,5000,1020,21595,0
I-COA,Scenario_5000,5000,1023,10470,1700
DWOA,Scenario_5000,5000,1003,13072,0
DQN,Scenario_500,500,1029,49340,6557
DQN,Scenario_500,500,1019,50608,0
I-COA,Scenario_5000,5000,1024,10514,3691
DGWO,Scenario_500,500,1000,1555,0
DGWO,Scenario_500,500,1001,1048,0
DGWO,Scenario_500,500,1002,971,3184
DGWO,Scenario_500,500,1003,1388,0
GO,Scenario_5000,5000,1006,18865,0
DWOA,Scenario_5000,5000,1025,18893,0
DGWO,Scenario_500,500,1004,1477,0
DWOA,Scenario_5000,5000,1004,14075,2081
DQN,Scenario_500,500,1009,51008,0
I-COA,Scenario_5000,5000,1025,10325,0
DBDE,Scenario_5000,5000,1006,8012,3711
GO,Scenario_5000,5000,1021,27497,0
DBDE,Scenario_5000,5000,1016,11512,1356
DWOA,Scenario_5000,5000,1005,13967,2149
I-COA,Scenario_5000,5000,1026,10226,7028
DBDE,Scenario_5000,5000,1007,8064,0
DQN,Scenario_1000,1000,1009,97801,2754
DBDE,Scenario_5000,5000,1017,11094,2599
DBDE,Scenario_5000,5000,1008,8530,0
DWOA,Scenario_5000,5000,1006,10859,1305
I-COA,Scenario_5000,5000,1027,10491,0
DBDE,Scenario_5000,5000,1018,9597,0
GO,Scenario_5000,5000,1022,23807,1692
DBDE,Scenario_5000,5000,1009,9590,3731
DWOA,Scenario_5000,5000,1007,11715,3128
I-COA,Scenario_5000,5000,1028,10191,5183
DQN,Scenario_500,500,1020,49834,2798
DBDE,Scenario_5000,5000,1010,7600,3721
DBDE,Scenario_5000,5000,1019,10416,6217
DQN,Scenario_1000,1000,1020,94723,8045
I-COA,Scenario_5000,5000,1029,10155,0
DWOA,Scenario_5000,5000,1008,11555,3012
DQN,Scenario_2000,2000,1013,225040,0
DBDE,Scenario_5000,5000,1011,8018,7005
GO,Scenario_5000,5000,1023,20019,3711
DQN,Scenario_2000,2000,1023,227628,0
DQN,Scenario_500,500,1010,55832,3324
DBDE,Scenario_5000,5000,1020,10096,0
DWOA,Scenario_5000,5000,1009,11290,3721
DBDE,Scenario_5000,5000,1012,10124,0
DQN,Scenario_2000,2000,1000,217434,0
DBDE,Scenario_5000,5000,1021,10381,0
DQN,Scenario_1000,1000,1000,99679,0
DWOA,Scenario_5000,5000,1010,11075,0
DBDE,Scenario_5000,5000,1013,10864,0
GO,Scenario_5000,5000,1024,22443,0
DBDE,Scenario_5000,5000,1022,8968,0
DBDE,Scenario_5000,5000,1014,9853,0
DWOA,Scenario_5000,5000,1011,10315,0
DBDE,Scenario_5000,5000,1023,8631,7210
DBDE,Scenario_5000,5000,1015,9642,0
DQN,Scenario_500,500,1021,57509,2695
DWOA,Scenario_5000,5000,1012,10698,0
GO,Scenario_5000,5000,1025,19446,0
DBDE,Scenario_5000,5000,1024,10260,0
DWOA,Scenario_5000,5000,1013,10102,5077
DBDE,Scenario_5000,5000,1025,12527,0
DQN,Scenario_500,500,1011,61081,0
DQN,Scenario_1000,1000,1010,96091,1958
GO,Scenario_5000,5000,1007,18197,2539
DWOA,Scenario_5000,5000,1014,10039,0
DWOA,Scenario_5000,5000,1015,10231,0
GO,Scenario_5000,5000,1008,17632,0
DQN,Scenario_1000,1000,1021,94651,0
I-COA,Scenario_5000,5000,1005,14941,5165
DQN,Scenario_500,500,1022,55435,2341
GO,Scenario_5000,5000,1009,18515,0
I-COA,Scenario_5000,5000,1006,10723,187
DQN,Scenario_500,500,1012,49069,0
DQN,Scenario_1000,1000,1001,91736,1574
DQN,Scenario_2000,2000,1004,219315,0
I-COA,Scenario_5000,5000,1007,12571,0
GO,Scenario_5000,5000,1010,18756,0
I-COA,Scenario_5000,5000,1008,13445,0
GO,Scenario_5000,5000,1011,17984,0
I-COA,Scenario_5000,5000,1009,10780,0
DQN,Scenario_500,500,1023,50067,0
DQN,Scenario_1000,1000,1029,107508,0
DGWO,Scenario_1000,1000,1000,2025,0
DGWO,Scenario_1000,1000,1001,3160,2482
DQN,Scenario_5000,5000,1007,489816,11305
DGWO,Scenario_1000,1000,1002,1977,0
DGWO,Scenario_1000,1000,1003,2502,521
DQN,Scenario_1000,1000,1011,98892,3714
DGWO,Scenario_1000,1000,1004,1896,6825
I-COA,Scenario_5000,5000,1010,14918,0
GO,Scenario_5000,5000,1012,21854,0
DGWO,Scenario_1000,1000,1005,2773,0
DGWO,Scenario_1000,1000,1006,3611,3668
DGWO,Scenario_1000,1000,1007,1980,0
DQN,Scenario_500,500,1013,60397,4429
DGWO,Scenario_1000,1000,1008,2322,0
I-COA,Scenario_5000,5000,1011,11051,0
DQN,Scenario_1000,1000,1022,96904,0
GO,Scenario_5000,5000,1013,17598,3060
I-COA,Scenario_5000,5000,1012,10156,1961
I-COA,Scenario_5000,5000,1013,10197,0
DQN,Scenario_500,500,1024,53728,6247
DQN,Scenario_2000,2000,1024,203242,0
GO,Scenario_5000,5000,1014,18496,0
DQN,Scenario_1000,1000,1002,98206,3066
I-COA,Scenario_5000,5000,1014,10051,1006
DBDE,Scenario_5000,5000,1026,8572,4789
DQN,Scenario_2000,2000,1014,221780,2204
GO,Scenario_5000,5000,1015,16911,0
DQN,Scenario_2000,2000,1001,209938,0
DBDE,Scenario_5000,5000,1027,9612,7023
DQN,Scenario_500,500,1014,55144,0
DBDE,Scenario_5000,5000,1028,9462,0
DBDE,Scenario_5000,5000,1029,7776,0
DQN,Scenario_1000,1000,1012,94328,0
I-COA,Scenario_5000,5000,1000,14123,3773
I-COA,Scenario_5000,5000,1001,11267,1825
DQN,Scenario_1000,1000,1023,98800,1647
I-COA,Scenario_5000,5000,1002,11890,0
I-COA,Scenario_5000,5000,1003,12322,6539
DQN,Scenario_5000,5000,1017,503778,529
DQN,Scenario_1000,1000,1003,100934,226
I-COA,Scenario_5000,5000,1004,14779,3185
DQN,Scenario_5000,5000,1000,506647,3706
DQN,Scenario_2000,2000,1005,207746,650
DQN,Scenario_1000,1000,1013,91054,5227
DQN,Scenario_1000,1000,1024,90948,0
DQN,Scenario_5000,5000,1027,511894,734
DQN,Scenario_2000,2000,1025,200110,214
DQN,Scenario_1000,1000,1004,93962,0
DQN,Scenario_2000,2000,1002,201124,204
DQN,Scenario_2000,2000,1015,211669,651
DQN,Scenario_1000,1000,1014,94077,0
DQN,Scenario_1000,1000,1025,89142,6184
DQN,Scenario_1000,1000,1005,90758,0
DQN,Scenario_2000,2000,1006,191998,0
DQN,Scenario_1000,1000,1015,91798,0
DQN,Scenario_1000,1000,1026,91355,3506
DQN,Scenario_1000,1000,1006,88454,2305
DQN,Scenario_2000,2000,1026,196550,675
DQN,Scenario_5000,5000,1008,456198,6166
DQN,Scenario_2000,2000,1016,188775,0
DQN,Scenario_1000,1000,1016,92207,5397
RoundRobin,Scenario_100000,100000,1024,7,51
DQN,Scenario_1000,1000,1027,92349,0
DQN,Scenario_1000,1000,1007,87722,0
SJF,Scenario_100000,100000,1014,53,489
DQN,Scenario_2000,2000,1007,194764,1227
DQN,Scenario_1000,1000,1017,94876,0
DQN,Scenario_1000,1000,1028,92899,2113
DQN,Scenario_1000,1000,1008,89263,0
DQN,Scenario_5000,5000,1018,466390,3527
DQN,Scenario_2000,2000,1027,184562,1177
DQN,Scenario_5000,5000,1001,461663,0
DQN,Scenario_2000,2000,1017,180507,0
DQN,Scenario_1000,1000,1018,89054,1014
SJF,Scenario_100000,100000,1004,99,1120
DQN,Scenario_5000,5000,1028,475337,948
DQN,Scenario_2000,2000,1008,174197,0
RoundRobin,Scenario_100000,100000,1015,8,75
DQN,Scenario_2000,2000,1028,172777,0
DQN,Scenario_2000,2000,1018,173591,0
SJF,Scenario_100000,100000,1024,70,282
FCFS,Scenario_100000,100000,1015,7,53
DQN,Scenario_5000,5000,1009,436190,0
DQN,Scenario_2000,2000,1009,170354,955
PSO-SA,Scenario_100000,100000,1003,136994,5185
DQN,Scenario_2000,2000,1029,171199,0
DGWO,Scenario_2000,2000,1000,3801,359
DGWO,Scenario_2000,2000,1001,3769,293
DGWO,Scenario_2000,2000,1002,3789,0
DQN,Scenario_2000,2000,1019,170886,873
RoundRobin,Scenario_100000,100000,1005,14,60
DQN,Scenario_5000,5000,1019,427783,0
FCFS,Scenario_100000,100000,1025,8,32
DQN,Scenario_5000,5000,1002,426494,2889
DQN,Scenario_2000,2000,1010,170227,579
DBDE,Scenario_100000,100000,1000,275712,5330
FCFS,Scenario_100000,100000,1000,13,60
DQN,Scenario_5000,5000,1029,425436,0
DCOA-TS,Scenario_100000,100000,1022,497690,0
DGWO,Scenario_5000,5000,1000,9819,0
DGWO,Scenario_5000,5000,1001,9839,0
DTSO-TS,Scenario_100000,100000,1003,222587,2092
DGWO,Scenario_5000,5000,1002,9752,0
DQN,Scenario_2000,2000,1020,169911,3495
DGWO,Scenario_5000,5000,1003,9755,6392
DGWO,Scenario_5000,5000,1004,9728,6433
DGWO,Scenario_5000,5000,1005,9719,0
DTSO-TS,Scenario_100000,100000,1022,161528,7437
DGWO,Scenario_5000,5000,1006,9679,1059
DQN,Scenario_2000,2000,1011,170706,0
DBDE,Scenario_100000,100000,1020,334895,0
DQN,Scenario_5000,5000,1010,427448,0
DQN,Scenario_2000,2000,1021,170503,327
PSO-SA,Scenario_100000,100000,1013,267229,471
SJF,Scenario_100000,100000,1015,47,143
DQN,Scenario_2000,2000,1012,171075,1541
FCFS,Scenario_100000,100000,1005,16,43
DQN,Scenario_5000,5000,1020,428634,632
DQN,Scenario_5000,5000,1003,427114,0
DQN,Scenario_2000,2000,1022,171033,0
DCOA-TS,Scenario_100000,100000,1012,496663,0
DCOA-TS,Scenario_100000,100000,1002,560223,8234
RoundRobin,Scenario_100000,100000,1025,5,41
PSO-SA,Scenario_100000,100000,1023,262252,795
SJF,Scenario_100000,100000,1005,43,96
DWOA,Scenario_100000,100000,1011,336744,0
DTSO-TS,Scenario_100000,100000,1012,283787,0
DWOA,Scenario_100000,100000,1020,348968,4329
DGWO,Scenario_100000,100000,1021,483856,0
DBDE,Scenario_100000,100000,1010,301316,0
DQN,Scenario_5000,5000,1011,426650,0
DGWO,Scenario_100000,100000,1001,516322,0
DWOA,Scenario_100000,100000,1001,520657,4966
DQN,Scenario_5000,5000,1021,430337,2503
DQN,Scenario_5000,5000,1004,429327,0
SJF,Scenario_100000,100000,1025,41,116
GO,Scenario_100000,100000,1001,714259,0
DGWO,Scenario_100000,100000,1011,515607,4730
RoundRobin,Scenario_100000,100000,1016,6,9
GO,Scenario_100000,100000,1021,712467,8702
FCFS,Scenario_100000,100000,1016,6,16
FCFS,Scenario_100000,100000,1026,5,10
GO,Scenario_100000,100000,1011,728579,1717
DQN,Scenario_5000,5000,1012,431001,0
I-COA,Scenario_100000,100000,1000,701230,956
RoundRobin,Scenario_100000,100000,1006,5,1
I-COA,Scenario_100000,100000,1020,715917,0
I-COA,Scenario_100000,100000,1010,723480,6324
DQN,Scenario_5000,5000,1022,427807,2544
DQN,Scenario_5000,5000,1005,433302,4359
FCFS,Scenario_100000,100000,1001,6,9
SJF,Scenario_100000,100000,1016,49,105
SJF,Scenario_100000,100000,1006,47,81
DCOA-TS,Scenario_100000,100000,1023,347373,2639
FCFS,Scenario_100000,100000,1006,6,16
DQN,Scenario_5000,5000,1013,426018,0
PSO-SA,Scenario_100000,100000,1004,110055,0
DQN,Scenario_5000,5000,1023,428559,0
DQN,Scenario_5000,5000,1006,427221,0
RoundRobin,Scenario_100000,100000,1026,6,8
DTSO-TS,Scenario_100000,100000,1023,143066,0
SJF,Scenario_100000,100000,1026,45,87
RoundRobin,Scenario_100000,100000,1007,6,16
DBDE,Scenario_100000,100000,1001,257010,2462
DTSO-TS,Scenario_100000,100000,1004,153859,0
DQN,Scenario_5000,5000,1014,425640,1074
DCOA-TS,Scenario_100000,100000,1003,436668,1374
DBDE,Scenario_100000,100000,1021,246987,3510
DWOA,Scenario_100000,100000,1012,340750,796
DCOA-TS,Scenario_100000,100000,1013,363266,3882
RoundRobin,Scenario_100000,100000,1017,6,12
DQN,Scenario_5000,5000,1024,426048,168
FCFS,Scenario_100000,100000,1017,6,15
PSO-SA,Scenario_100000,100000,1024,132080,1140
FCFS,Scenario_100000,100000,1027,6,15
PSO-SA,Scenario_100000,100000,1014,108620,332
SJF,Scenario_100000,100000,1017,46,86
DGWO,Scenario_100000,100000,1002,349349,0
DWOA,Scenario_100000,100000,1021,338903,0
DQN,Scenario_5000,5000,1015,433187,0
FCFS,Scenario_100000,100000,1002,7,10
DTSO-TS,Scenario_100000,100000,1013,142015,428
DGWO,Scenario_100000,100000,1012,309676,0
DBDE,Scenario_100000,100000,1011,258888,112
SJF,Scenario_100000,100000,1007,47,89
DQN,Scenario_5000,5000,1025,430320,696
I-COA,Scenario_100000,100000,1021,411871,0
DGWO,Scenario_100000,100000,1022,345207,0
GO,Scenario_100000,100000,1022,425686,0
I-COA,Scenario_100000,100000,1011,438646,0
DWOA,Scenario_100000,100000,1002,327014,0
FCFS,Scenario_100000,100000,1007,7,1
RoundRobin,Scenario_100000,100000,1008,6,16
DQN,Scenario_5000,5000,1016,435723,0
GO,Scenario_100000,100000,1012,420493,5602
SJF,Scenario_100000,100000,1027,45,67
DQN,Scenario_5000,5000,1026,429560,5369
DCOA-TS,Scenario_100000,100000,1024,327869,126
GO,Scenario_100000,100000,1002,416400,655
RoundRobin,Scenario_100000,100000,1018,8,31
RoundRobin,Scenario_100000,100000,1027,5,9
DTSO-TS,Scenario_100000,100000,1024,111737,0
FCFS,Scenario_100000,100000,1028,6,12
SJF,Scenario_100000,100000,1018,57,96
I-COA,Scenario_100000,100000,1001,416334,2642
SJF,Scenario_100000,100000,1008,50,73
FCFS,Scenario_100000,100000,1018,7,9
PSO-SA,Scenario_100000,100000,1005,104263,0
FCFS,Scenario_100000,100000,1003,5,0
DBDE,Scenario_100000,100000,1022,277217,1472
DTSO-TS,Scenario_100000,100000,1005,115495,0
DCOA-TS,Scenario_100000,100000,1004,395194,0
DBDE,Scenario_100000,100000,1002,264224,1481
RoundRobin,Scenario_100000,100000,1009,7,1
DCOA-TS,Scenario_100000,100000,1014,431596,6388
FCFS,Scenario_100000,100000,1008,7,15
DWOA,Scenario_100000,100000,1013,377383,2126
SJF,Scenario_100000,100000,1028,58,64
PSO-SA,Scenario_100000,100000,1015,139610,763
PSO-SA,Scenario_100000,100000,1025,132486,0
DWOA,Scenario_100000,100000,1022,309900,0
DTSO-TS,Scenario_100000,100000,1014,146250,2409
DBDE,Scenario_100000,100000,1012,268871,4745
DGWO,Scenario_100000,100000,1003,351718,0
DGWO,Scenario_100000,100000,1013,352118,0
RoundRobin,Scenario_100000,100000,1019,5,2
I-COA,Scenario_100000,100000,1022,507482,4622
SJF,Scenario_100000,100000,1009,40,44
RoundRobin,Scenario_100000,100000,1028,5,15
DGWO,Scenario_100000,100000,1023,333411,2723
FCFS,Scenario_100000,100000,1029,6,10
DWOA,Scenario_100000,100000,1003,320419,8290
SJF,Scenario_100000,100000,1019,42,30
DCOA-TS,Scenario_100000,100000,1025,284617,0
GO,Scenario_100000,100000,1023,467233,1850
RoundRobin,Scenario_100000,100000,1010,5,1
FCFS,Scenario_100000,100000,1019,5,5
I-COA,Scenario_100000,100000,1012,478919,0
FCFS,Scenario_100000,100000,1004,5,0
GO,Scenario_100000,100000,1013,397014,1877
FCFS,Scenario_100000,100000,1009,6,1
GO,Scenario_100000,100000,1003,402217,0
SJF,Scenario_100000,100000,1029,43,52
DCOA-TS,Scenario_100000,100000,1005,271932,0
DTSO-TS,Scenario_100000,100000,1025,118943,4578
DBDE,Scenario_100000,100000,1023,247712,0
PSO-SA,Scenario_100000,100000,1006,99649,0
SJF,Scenario_100000,100000,1010,42,57
DTSO-TS,Scenario_100000,100000,1006,116337,0
DCOA-TS,Scenario_100000,100000,1015,301175,622
DWOA,Scenario_100000,100000,1014,291712,561
RoundRobin,Scenario_100000,100000,1020,6,14
SJF,Scenario_100000,100000,1020,44,52
RoundRobin,Scenario_100000,100000,1029,5,2
DBDE,Scenario_100000,100000,1003,246197,5099
I-COA,Scenario_100000,100000,1002,411040,5003
PSO-SA,Scenario_100000,100000,1016,111661,174
RoundRobin,Scenario_100000,100000,1000,4,10
PSO-SA,Scenario_100000,100000,1026,106379,0
RoundRobin,Scenario_100000,100000,1011,5,7
DTSO-TS,Scenario_100000,100000,1015,111405,5143
DBDE,Scenario_100000,100000,1013,226693,1035
FCFS,Scenario_100000,100000,1020,6,15
DGWO,Scenario_100000,100000,1014,285887,1666
DWOA,Scenario_100000,100000,1023,291744,826
DGWO,Scenario_100000,100000,1004,286720,0
FCFS,Scenario_100000,100000,1010,6,8
DCOA-TS,Scenario_100000,100000,1026,297526,0
DTSO-TS,Scenario_100000,100000,1026,116163,0
SJF,Scenario_100000,100000,1021,43,53
SJF,Scenario_100000,100000,1011,39,57
DGWO,Scenario_100000,100000,1024,289962,0
I-COA,Scenario_100000,100000,1023,412446,0
DWOA,Scenario_100000,100000,1004,293157,0
SJF,Scenario_100000,100000,1000,43,53
GO,Scenario_100000,100000,1014,398742,0
RoundRobin,Scenario_100000,100000,1021,5,14
DCOA-TS,Scenario_100000,100000,1006,283596,4408
GO,Scenario_100000,100000,1004,376271,5124
PSO-SA,Scenario_100000,100000,1000,108306,0
GO,Scenario_100000,100000,1024,413308,0
RoundRobin,Scenario_100000,100000,1012,6,2
RoundRobin,Scenario_100000,100000,1001,6,7
PSO-SA,Scenario_100000,100000,1007,96419,0
I-COA,Scenario_100000,100000,1013,426599,497
FCFS,Scenario_100000,100000,1021,5,1
DCOA-TS,Scenario_100000,100000,1016,312243,0
DTSO-TS,Scenario_100000,100000,1007,101873,1676
DWOA,Scenario_100000,100000,1015,292075,5803
SJF,Scenario_100000,100000,1022,45,50
DBDE,Scenario_100000,100000,1024,250825,1353
DBDE,Scenario_100000,100000,1004,238941,0
SJF,Scenario_100000,100000,1012,43,39
PSO-SA,Scenario_100000,100000,1027,94230,0
PSO-SA,Scenario_100000,100000,1017,103758,330
DBDE,Scenario_100000,100000,1014,225292,0
FCFS,Scenario_100000,100000,1011,5,1
SJF,Scenario_100000,100000,1001,41,34
I-COA,Scenario_100000,100000,1003,388769,0
DGWO,Scenario_100000,100000,1015,284881,4187
DCOA-TS,Scenario_100000,100000,1027,270118,0
RoundRobin,Scenario_100000,100000,1022,5,1
DTSO-TS,Scenario_100000,100000,1016,95971,4719
RoundRobin,Scenario_100000,100000,1002,6,10
RoundRobin,Scenario_100000,100000,1013,7,7
DWOA,Scenario_100000,100000,1024,273576,0
DTSO-TS,Scenario_100000,100000,1027,115878,5790
SJF,Scenario_100000,100000,1023,44,55
PSO-SA,Scenario_100000,100000,1008,92816,0
DWOA,Scenario_100000,100000,1005,286348,626
FCFS,Scenario_100000,100000,1022,6,8
DGWO,Scenario_100000,100000,1025,289188,0
DGWO,Scenario_100000,100000,1005,288447,0
DCOA-TS,Scenario_100000,100000,1007,310333,1257
I-COA,Scenario_100000,100000,1024,376421,5752
SJF,Scenario_100000,100000,1002,44,50
PSO-SA,Scenario_100000,100000,1001,111493,0
SJF,Scenario_100000,100000,1013,43,57
FCFS,Scenario_100000,100000,1012,7,19
GO,Scenario_100000,100000,1015,414437,0
DCOA-TS,Scenario_100000,100000,1017,265783,0
GO,Scenario_100000,100000,1025,375875,502
RoundRobin,Scenario_100000,100000,1023,6,14
PSO-SA,Scenario_100000,100000,1018,106170,0
RoundRobin,Scenario_100000,100000,1003,6,2
DQN,Scenario_100000,100000,1002,8742272,127
GO,Scenario_100000,100000,1005,417368,0
DQN,Scenario_100000,100000,1022,8785616,5484
DTSO-TS,Scenario_100000,100000,1017,107906,0
PSO-SA,Scenario_100000,100000,1028,107132,0
DBDE,Scenario_100000,100000,1015,221127,6182
DBDE,Scenario_100000,100000,1025,248977,0
DWOA,Scenario_100000,100000,1016,301044,0
RoundRobin,Scenario_100000,100000,1014,5,15
I-COA,Scenario_100000,100000,1014,397276,2463
DTSO-TS,Scenario_100000,100000,1028,88816,3306
DTSO-TS,Scenario_100000,100000,1008,112332,0
DBDE,Scenario_100000,100000,1005,250932,2451
DCOA-TS,Scenario_100000,100000,1028,282296,0
SJF,Scenario_100000,100000,1003,48,20
DGWO,Scenario_100000,100000,1016,280352,1815
FCFS,Scenario_100000,100000,1023,6,0
I-COA,Scenario_100000,100000,1004,379653,2098
DQN,Scenario_100000,100000,1012,8550190,0
DCOA-TS,Scenario_100000,100000,1008,236145,0
DWOA,Scenario_100000,100000,1025,271152,0
FCFS,Scenario_100000,100000,1013,5,1
RoundRobin,Scenario_100000,100000,1004,5,1
PSO-SA,Scenario_100000,100000,1009,94529,630
PSO-SA,Scenario_100000,100000,1002,94026,5950
DWOA,Scenario_100000,100000,1006,288359,0
DGWO,Scenario_100000,100000,1006,291362,0
DGWO,Scenario_100000,100000,1026,284741,0
DCOA-TS,Scenario_100000,100000,1018,251515,0
I-COA,Scenario_100000,100000,1025,379174,0
PSO-SA,Scenario_100000,100000,1019,91539,2404
FCFS,Scenario_100000,100000,1024,5,7
DTSO-TS,Scenario_100000,100000,1018,94145,1026
GO,Scenario_100000,100000,1016,375681,256
GO,Scenario_100000,100000,1026,378228,0
PSO-SA,Scenario_100000,100000,1029,92825,0
DBDE,Scenario_100000,100000,1016,237468,0
GO,Scenario_100000,100000,1006,388775,986
PSO-SA,Scenario_100000,100000,1010,79391,301
DCOA-TS,Scenario_100000,100000,1029,266976,0
DWOA,Scenario_100000,100000,1017,276032,3693
DTSO-TS,Scenario_100000,100000,1009,126984,2001
FCFS,Scenario_100000,100000,1014,4,10
DCOA-TS,Scenario_100000,100000,1009,221116,3342
DBDE,Scenario_100000,100000,1006,236354,0
DTSO-TS,Scenario_100000,100000,1029,114674,5999
I-COA,Scenario_100000,100000,1015,373750,5070
DBDE,Scenario_100000,100000,1026,252925,0
DGWO,Scenario_100000,100000,1017,266244,0
DCOA-TS,Scenario_100000,100000,1019,193081,0
DWOA,Scenario_100000,100000,1026,250882,0
I-COA,Scenario_100000,100000,1005,374974,536
PSO-SA,Scenario_100000,100000,1020,82939,0
DTSO-TS,Scenario_100000,100000,1000,77100,0
DGWO,Scenario_100000,100000,1027,238809,6037
DWOA,Scenario_100000,100000,1007,272291,562
DGWO,Scenario_100000,100000,1007,259400,2653
DTSO-TS,Scenario_100000,100000,1019,73977,37
I-COA,Scenario_100000,100000,1026,333708,0
PSO-SA,Scenario_100000,100000,1011,63251,0
DTSO-TS,Scenario_100000,100000,1010,71316,2848
DBDE,Scenario_100000,100000,1017,204560,0
DCOA-TS,Scenario_100000,100000,1000,238191,5293
DCOA-TS,Scenario_100000,100000,1010,238214,6904
GO,Scenario_100000,100000,1027,329295,1748
GO,Scenario_100000,100000,1017,332834,0
DBDE,Scenario_100000,100000,1007,224350,7971
PSO-SA,Scenario_100000,100000,1021,64981,5608
DTSO-TS,Scenario_100000,100000,1001,70390,3382
DWOA,Scenario_100000,100000,1018,256356,4391
DCOA-TS,Scenario_100000,100000,1020,203811,4063
DBDE,Scenario_100000,100000,1027,221229,5428
DTSO-TS,Scenario_100000,100000,1020,71255,0
GO,Scenario_100000,100000,1007,394121,1231
DGWO,Scenario_100000,100000,1018,288895,0
PSO-SA,Scenario_100000,100000,1012,63073,255
DWOA,Scenario_100000,100000,1027,242187,0
DTSO-TS,Scenario_100000,100000,1011,75446,2372
I-COA,Scenario_100000,100000,1016,380064,0
DGWO,Scenario_100000,100000,1028,242132,0
I-COA,Scenario_100000,100000,1006,303012,0
I-COA,Scenario_100000,100000,1027,278325,0
DWOA,Scenario_100000,100000,1008,234365,3774
DGWO,Scenario_100000,100000,1008,253390,3046
DBDE,Scenario_100000,100000,1018,204677,0
DTSO-TS,Scenario_100000,100000,1002,85521,2876
DCOA-TS,Scenario_100000,100000,1001,246520,4533
DCOA-TS,Scenario_100000,100000,1011,250552,1339
DBDE,Scenario_100000,100000,1008,211541,1616
PSO-SA,Scenario_100000,100000,1022,86123,1500
DTSO-TS,Scenario_100000,100000,1021,78501,0
GO,Scenario_100000,100000,1018,393780,0
DBDE,Scenario_100000,100000,1028,204078,0
DCOA-TS,Scenario_100000,100000,1021,212658,4372
GO,Scenario_100000,100000,1028,361898,0
DWOA,Scenario_100000,100000,1019,246004,0
GO,Scenario_100000,100000,1008,349871,109
DWOA,Scenario_100000,100000,1009,248581,8178
DGWO,Scenario_100000,100000,1029,252725,595
DGWO,Scenario_100000,100000,1019,270304,3398
I-COA,Scenario_100000,100000,1017,323119,0
I-COA,Scenario_100000,100000,1007,320452,790
DWOA,Scenario_100000,100000,1028,264763,3392
I-COA,Scenario_100000,100000,1028,346391,0
DGWO,Scenario_100000,100000,1009,245676,4318
DBDE,Scenario_100000,100000,1019,202473,0
DBDE,Scenario_100000,100000,1009,177284,0
DBDE,Scenario_100000,100000,1029,179920,1823
GO,Scenario_100000,100000,1019,285098,0
GO,Scenario_100000,100000,1029,278149,0
DWOA,Scenario_100000,100000,1010,201531,1502
GO,Scenario_100000,100000,1009,299315,1893
I-COA,Scenario_100000,100000,1008,251085,0
DGWO,Scenario_100000,100000,1020,233983,1163
GO,Scenario_100000,100000,1000,291867,7
DGWO,Scenario_100000,100000,1010,226640,0
I-COA,Scenario_100000,100000,1029,284929,4580
I-COA,Scenario_100000,100000,1018,274292,2401
DWOA,Scenario_100000,100000,1029,217037,1161
GO,Scenario_100000,100000,1020,269469,1312
DWOA,Scenario_100000,100000,1000,196111,0
GO,Scenario_100000,100000,1010,268584,0
I-COA,Scenario_100000,100000,1009,237775,0
I-COA,Scenario_100000,100000,1019,222343,314
DQN,Scenario_100000,100000,1023,7041136,878
DQN,Scenario_100000,100000,1003,7172907,0
DQN,Scenario_100000,100000,1013,6934769,0
DQN,Scenario_100000,100000,1000,6752136,0
DQN,Scenario_100000,100000,1024,6112263,0
DQN,Scenario_100000,100000,1004,6101119,0
DQN,Scenario_100000,100000,1014,6102106,0
DQN,Scenario_100000,100000,1001,6104808,0
DQN,Scenario_100000,100000,1025,6051759,49
DQN,Scenario_100000,100000,1005,6045292,389
DQN,Scenario_100000,100000,1015,6046707,552
DQN,Scenario_100000,100000,1026,6067605,0
DQN,Scenario_100000,100000,1006,6063847,0
DQN,Scenario_100000,100000,1016,6065737,0
DQN,Scenario_100000,100000,1027,6053125,0
DQN,Scenario_100000,100000,1007,6055767,0
DQN,Scenario_100000,100000,1017,6054901,188
DQN,Scenario_100000,100000,1028,6034923,268
DQN,Scenario_100000,100000,1008,6037110,753
DQN,Scenario_100000,100000,1018,6047460,0
DQN,Scenario_100000,100000,1029,6077110,0
DQN,Scenario_100000,100000,1009,6071422,0
DQN,Scenario_100000,100000,1019,6085682,0
DGWO,Scenario_100000,100000,1000,193060,0
DQN,Scenario_100000,100000,1010,5965962,115
DQN,Scenario_100000,100000,1020,5962883,0
DQN,Scenario_100000,100000,1011,5920335,0
DQN,Scenario_100000,100000,1021,5920448,0
